,Player_ID,Summoner_ID,Rank,League_Points,Wins,Losses,Win_Rate (%)
0,B_nPcxVEAyz7XVfmv6PXWg7vS9NbhUityvIHXr_tQ6DNRbM-gjVGmoe0szNJ1Tta35Okc2CCcOhvyA,OjRStKvJ7MCt1318QEoReC4of-0947xJ8sWygHfz_HRUeBFJwD5byiZK6A,Challenger,1433,111,66,62.71186441
1,p0XTn-SNsuKwKzsodw0ABV6eeakK6EfnPk_ApvZ-6iSnR9JLwpQQt-irBAEiYXfdtww-JCnPMvnDeA,0CY-1C65i6FNf0Gj9piF7t-6Tp4Vx4GXO_In1fMym1s3s82OtZftYmCVQw,Challenger,1373,97,52,65.10067114
2,DcqIHAqyb2JoiebX5OiTKTcGZVyaAoBOXQL_NZ4eXY-mS1Wk8SzYBcWCTFa0oFjC-X_D9pwe0dXQPw,C3ITYKgLidARjeTW3CHPmHo7kQ7GQJUzqm28ueYbsztt-eKy,Challenger,1277,121,69,63.68421053
3,8dnwRLvYzviG-Kngrzg6eOyVJXCCrvtPmbeo_wbCAael7NZm9TY0SHaWe82lPyLnXzwPeWHdnLdHEg,psuBI1aHxk24PVhRON0rYyFzz9sOkatjuo0KEb7YoYlX78g,Challenger,1263,90,48,65.2173913
4,GMu4XXEWb_hZ65aA8Bg3iF4-qFZh0x9w_prNzF42gSIOd2nq69om7AS7dXzWeiYkEXYfEhYFDIti9A,dmMlxobwXDzLRZmnoux5jMy9eR-M9OaWiz2fWH4IQfMMOw,Challenger,1204,116,63,64.80446927
5,Wl9nZVEzmuhfvIFTHWXMn0l6xWuCc_D6KBfXevdwcY-igIqrFSIKrDDHadY9uS7_aMGn9Q003ny8VA,KVGiIyueBiFnNJenF0K4YSoIZGxWNq21jkrg90knTliMpgc,Challenger,1113,84,44,65.625
6,9NMb8jgJAX6hI4_BK0C4u_22MtXa_avL9fQwpSCz6r8YZ5RX-6A60sek-LJ4bVRLYDwCUjRKoKAoUg,hNpFDs65mGlohHDyuDWrIBi33US9xqN0DtLgx8yhztX_bxE,Challenger,1097,144,102,58.53658537
7,dQt0wA68XY8Sm2atQLx-K1OIzW-sHNcPp7mY4IK0iTnc9oeDKMWCqUogH79OEOlQhYDPJFOPwf0-1w,gsTxWRsK_UA6Y6Vq48jKzLvB3uR1biCkXWh67YHCS_0OPhU,Challenger,1065,93,50,65.03496503
8,p5w3vlcn0wjVu-igK-7MOKmxRkqmWPEH1arleVrZuf3Apbgkr1u_y4zFZSIztbVeZJfNga-BzqfGGw,30bXF41p-hkJ7E2EF4xUBykQi7PHr2ShbDoO5JfPS3pQ67U,Challenger,1056,135,94,58.95196507
9,VrVTn5qpRgBV8j8C-xahl8qCWHw-JNY8j5zNJ5MklI8Ow857UtthEUNxHKVZdTNO-OFDTpqwG9JcUQ,YmgxFS1nuk1y8RR-4qWad9ILWrkjJ-45Md6OIWebspJvbz4,Challenger,1050,146,105,58.16733068
10,jhLNr1p906jF-y5pxC90pwgggid6Ve4rhgZyAV2y5TU2wY4DUG66U8qNBP2ZE31zTVDSHyoljDNttw,#NAME?,Challenger,1012,88,60,59.45945946
11,wkfmlPCxmgNPzblxdZpCO8_y87loJfr-9n7s1GZWI6E6IS19lVmPEZHnaMjWiFhctm_bUAUsZHwTcw,XiFAFOj4ADAPHV5vGmJ52xE1spL2n7X6Yh-kkkkRR76INds,Challenger,1008,106,74,58.88888889
12,owWbXymB8TrwaL8S4cg-xdAwvUulri2Dk40Oc7-WVZfkEC4eL9_u7TTJxuLQ5KpmU4kx9QS9cXmDFg,E3xCWDMgOFZ3qjjb0Ey75xqMF38B-4A09lJNg28sXQSqljTVKs8lYunYgw,Challenger,1005,70,35,66.66666667
13,uEmUXObXEJiLI1o5rNetgbVhYsxX1A6oKfoV5QATn2JrN2YzuX9Qmi1Z7oh2XbaRB9eCdZDHuVQkiw,7jhZqeF_A94vsKguEzIYG2biwTL1nAoXbO3MeSM7Je_Hfxw,Challenger,976,81,51,61.36363636
14,Pekp-T4eRXAntxaYmJ7gEwEksg995UZcU-JrCTVZjDdx4SkPGjbDYYveHr9-qrkc0ZXui5gb3LjxJg,9-MHrG4PT0UPBZTV7KGFZm3ARuVC2zVs-w50sbRvhwuVc3W9gFugH3b2tw,Challenger,947,85,40,68
15,zTDy17Jie-LafpQF4GNA7XSugyotXVf69ANEfrhsGNsxaOCbRWnhZCj7I1Opi7SSo54YQ9eKIcDe4g,8XYUOHr-rpXObj5WAhmNCLqhXTIUMZw3_VO0zGcL65CY2TA25TZxonWJuA,Challenger,945,67,27,71.27659574
16,yD6ykr0SLFFBHJ4ulLN8xHG3OguQsEBy-Aa5HUpFiKMy1O_lMYYdE50uAPqwc97MAS3zw5506c0X1A,7UHDe43DhjdKOHSOwU-8HnQR_UGBVkcivdI3j6SUgjQG9W8,Challenger,922,94,65,59.11949686
17,_HcurQ2h4yx2yUtCAJ7p0OtTYGEcljDDwAU6UgdD2OYF3UToktzTxLv0VT055ZOsupRu1JgbPXJVzg,v2roUoeSU6Zf5bvvJdlRGlp4-6LzTYfzSt4JB5eUrMR0ssY,Challenger,922,117,72,61.9047619
18,HBe1R_qyPiIqHqHU8O7B2V3g8zCf_UixESTqqHZl-V4MCJQOyAuHJIff7meJuXDCxocgInonHuP0lw,nyY0Du-qJaGl5Vnjk_vNbhv9txLn3HuvLitThQKzrw41njQP,Challenger,915,75,50,60
19,S2ZzJ0FJEZGEQ-K3hvDqwackuQwkuyzDodN5NPqEn0-iTk0foHXxgDa0oSBwWYXVkCDKMR0KQJLbTA,_w_woHgc_2CHbb1vM74FfSFpqxtW8WZxproAEGm7CZAvmic,Challenger,885,100,56,64.1025641
20,fgD6PXWnENIEf_qhXhmc8mLYTTLdpxn3Avec1W2nwR13r-H23KWgpk-_b2KWThxy2Ba9DEG8cc011Q,ggRR9-8h8_WqJt_ZJfQkhVhPbLk1XuzWVaURUwW_kNwNPrw,Challenger,883,71,42,62.83185841
21,3LloGltgYI4NWuoFiaK-b6ny5xG9lv9zyJPCcoiSsw3gJG1DSJ_7emnsUEg1Cdp6u5bM2usJqb0stA,_c8nK16kPzOMA6ge1NrxJFuLjxeJxNzXTYzGZR4URl_zMg,Challenger,881,100,58,63.29113924
22,sQa6ejgFDaF_vNDumqKvi6c4CW2oLf94E49nM5vy8gPeVqHFlgpRiOcTB4NAnL9gZa_qu0FY0r7Bww,1guQukm7lyuuoplwThByUMmo-upCHjmGQgMuMwEpRq2_qR4,Challenger,879,81,53,60.44776119
23,wCYgHewKZT1nPJ9BGQnmuiZlIJA1-XOfVA0SJBSVRYkpOB9oIP57menqUPAFAMTzi-vDMg1ZGfS73w,fS9FS4CfivQPJfBSV-OMdwvfysnjRoeTiMy4yQ6utQFjhBK8ps5J7wqYQw,Challenger,872,69,47,59.48275862
24,cYwZNS6drRuHtbeLHr-lh0TdBRrWUa9thpus5xwaYKJLMCW09glISn5ng6mlbSTjh8eDP1dmF1aS1w,VmP_50XIuUc6DFshxyb8RnfMBjQ8Cb1poxxlw0f58s7JBWTqygmIEqGNiw,Challenger,858,76,55,58.01526718
25,bntmx8k5fuLqKgngS1Ee6JG0Vkyuu6nnI5ExQv6Mn41o7867ensXoZ8acJAGmQXve3rAhQTUHyVnuA,fwao7XbBkxHf9tRfOR8WsQqKgkOW_0h_ca94KREOScSoqfE,Challenger,858,104,63,62.2754491
26,IKw4QFEnHOL5PcAD_mWmYAv_b5cbUJM_IIoYk1MkTw3_ykPd46wi8ioNxmRX4kS1Yf8BX9JyLR1FNA,bTJ_W4syowKfQphU9NJyBDFGl1dY_fJA_WDfFefZBwDGjDlyptEOhJCg2g,Challenger,834,116,74,61.05263158
27,nqlo49NQcXNF01D3e4ZgDnY1j1BMYqfNIUCMjP0Lx7R4Ym4peS1nvU1Z5jvQ_vkRvSS-MkhooamuAQ,GWCGR9pxdLA6UVXNCoUI1DgVUDEBx5uRDbmn3rDhDPFo9Nw,Challenger,832,109,90,54.77386935
28,Bz3NycBP1u03g-CpN8MnwGKg0NC7tGVtaHQw8bzr_ikVhEvkVzBtEkMpOGKYlWiK-jcWcr2tGcjNpw,uvblnfHfn13d8AZcRpsnhdySWVwrtog8naiCSafbFa9a2lzFLE9r0VdAvg,Challenger,819,75,49,60.48387097
29,fHGNQ_1axAFQrpsJBM8Zy7NFHFfXMLe_1sMa79FrkXhQ2iXINf-wzniMVn7UvrD7ZRZiCyW4Ph9laA,01Y3vSbM8bdiVI5fmoTZEa7624COOOsp5-Qtckw_0Vq_dRg,Challenger,807,90,65,58.06451613
30,PpAleIvybyUGnY1h4tVgqrnDnl0VkeixuF5N8J4NHyEoxikW84kPmCcHKIxC_hFGtTG8ulLE3POyVA,Is3T0tpIiVeShK38inK2C8JgrjrhFPl7FqQ1xV_BJdPvEfE,Challenger,800,112,72,60.86956522
31,TWH6Pih0WCwJT56dr567HRSRSGWE9atX_rpXah4Gr5QEQLYsEB5uwOQwj_LmEp2EpezKVoB4aBY79w,ehqRl65eYmnwBhekFpQwPguPX6HPkAd1IW10q9ylhkqQpQI,Challenger,793,133,107,55.41666667
32,xjkxTRf9UcghvWYikwICMVDK9eKYHS0ySuiV4ipF0u0JddL5xOdWPU7vkPcIV2DZD5z-wJ_L-B6skQ,8zzZ5nHrxj-486eoVxpUl5zTPfJKwKbV21fWfnHlbQD6Tg,Challenger,793,88,67,56.77419355
33,xQGqTs_k_uSjzPsMCuDKX0-UpF7HRoO9JWPEXr1RhyVx0GVgIek-Y72gQx2BJVLQdvoLuCkAXpNCOA,VIGnzwtJ4AUN3ngkPnVZXZc29pi_nlpDDQH7tY3-1VgF0_ObwuJ4oHXEMQ,Challenger,792,88,51,63.30935252
34,Phsh81sTC3yxa8sz-vG52YpF28s8XmzQS7-AtvvYwdUi9B4MsF4pO5dEmE87GdsN-ZM9IllenE4WkQ,u9nxQq0jNnRB-sSGdMblIvsYRYRA_BfaerhRNRb-yutCiMo,Challenger,774,55,28,66.26506024
35,gSMFPtEa7X7AcA6AVaaT_9QrQZLSk2Co3AevirMuYDMA6ECtccDfiCDjKd8FRGTLl2WO7AsRAo3HcA,u4yQ5YgLbl3AJRMgMZfHmWva1rR98jGvhBS349Hn1wtbW0g,Challenger,773,126,104,54.7826087
36,Z7JBia1l-bMDCk4isEK0QQ6xSOMZpIkq2M4_9s6afyWDJib9nbZpWLJOYWoxD84e7KpqtvQ4Kk2Ruw,HDguWjAg7QvqJxNS03FqM_N0zsV7vTkC-5d967PasuNPmWA,Challenger,772,74,62,54.41176471
37,lHGDKcUPeHFNrCLBcZmpQiaB5yvGmKvAUhg2CbH1jxUkM9wAoik3hnTbD5L9frbadkL4q1rwLtWHZg,Uoh6wk0J5SMBtihGQy0rgFXpADPXTd5UBdaKwh5ztKCNlPu-OxVzCRG4Dg,Challenger,764,59,32,64.83516484
38,iOmWf4O6c97PiwnQ4Iy8oBkyacNKgtY1CaMazHDFmRk7fI_egMMKiBG7TJFw6AA50l5bXebQdGbSXg,JvDYGb2FmCHMorrmBqHB4IcJWxk1E1jOnJYqiMcISwMpNmpQ_LkIGkeQxQ,Challenger,760,92,71,56.44171779
39,Yrl84Rvy-nTJXW-LkucGNfzthAqOoNy1hzxETELwjd3TPMRYYi0DcHj0jnd9l-IUcMEzjJ3OqJRSKw,EV9amcWLcrNEo46NR54RfK69KMIEMhr-XGi_jRVughQcXN_of9fLc9vwhw,Challenger,752,83,52,61.48148148
40,a1WXE1bFtqSajuSvwNv0tIW6JEoceoii6EdLa2feiebF174i9StX5aOzZ2CSuTpGEOPBMArmskqwBQ,90YaI_vbg5cOfL0zmbJFRirr4xBl8v3B7FsAsAikbCckcPaoZQxFJDEctQ,Challenger,748,70,42,62.5
41,Xvi00b0BXhBPYmc1ZOT_17EPBdsGvY9TgxjwVnOlMAo2BZGJGxm3_8GIZXNKcMr1Ctx45wZfoNOUOA,LJsJUg0VkremKeOyLPD-hATx0gvnx96dLF00toIvQp4je5A,Challenger,742,97,84,53.59116022
42,CtXKaDznDD7-4RXzrMlFldD4OGqToLgiKTHYE_x8lNPWOsyTTxPF8HSsFJTcVdP5dYRSV1O90EHs9Q,kPeqN-y8YFKEdRk3SiikKPZRddTVs5fl4SXhjdyXyWNwHRKqCrtU9RAYLg,Challenger,735,102,80,56.04395604
43,8qp-sYcOtMH8XUveG4LMMUe_utsrZas6zQnFKZ_edz47b9JJUrSCi5kCM0-lPmFKwDgUCLI-3rq-gg,VuWn81L964_adFAkK1IADPFCVML9GsrQVHWDmHvwfMh2c2NRBLGtQNLAaw,Challenger,734,78,41,65.54621849
44,UdjjpHAEuYXn8BlkSoVc9bnMzqf8aY1s5FRlZsEu4U2sroOLGhwxKGlbbPePSvzfSvt5NI0GDi0fWQ,vUUJOXpKh8PwjxxMjmPLBsNp8nUx8lDgXmgj_-wHZ-lMsto,Challenger,724,88,67,56.77419355
45,c3urrUWENyk3BwQZnECurcdrN-evQC4ZtP3qOTPh-2VATka6npCkgGm22Abv2yLGaQRsUIKdAWbT5g,aRW3cGLYl7Fk0oGIZPOvrCKWdgvcuqIKyS-MNyN4Eu3bn6ZdorAWilYNYw,Challenger,714,87,70,55.41401274
46,cxz6BaLl1FoE4IPIj4w6Kgbq5YQ3tpjQUM2JAz2VI6FVs8ZuZ0k71ta_60HfPdl2SHO0l7pD9yDXSg,FwOTG2y2wDewZ4MTKEufsT94SYkvzeha9GL6gm6M_qu29nI,Challenger,707,78,56,58.20895522
47,a4blSVJz_rbcHEzndGzCUbPwG-OjoOVrmSdnzlaZni3obgRGuEnOCfY0eYMrJ9xQo84Vb0p18CSMvw,h4MMuU9fxP-LD03sqXjIrOVSt-52L5UZTc_cBklQGeNeNiE,Challenger,693,76,49,60.8
48,9FXZR_FNR_s7XGresDbyb-FaaPQSptpsByph0v7_PFOzNNIiufpPpv1LV6EQWHpl0Nd4lS4DQiotjQ,ubAfOa69niI8vGI_79Y4R4AXQK0I0EEVkV-0keKNefAxT3J_X5vLj30dVQ,Challenger,679,44,23,65.67164179
49,CGw57RYPs3ywrR3l-E5E4pTY_HHNxpK0vkEvNV5V_dOSclsHa01sMd6uE8aT6g85xNhM0_XMfPpniQ,ev0y4WKp7jBQcRGk6craO0wwADNTLSEczDlWjsGRXQF4bQ0,Challenger,667,71,50,58.67768595
50,VsuVC7Rw1A_CrQht4DfaihaRroMJ-8JTR_yrFVVJyyFhDZQR46DmgQnheRLb5g6iMz4-zi3K4XeX6A,2pHPpVKIC5ujMOlad9jw-VtbxITU5khdL6o9a7C5piEf02w72UjAWEVenQ,Challenger,667,115,102,52.99539171
51,ycxBIFCzmWAzwkRIrMvrRCFLLxbK6BoEpC_OxDTXFmRrwFUEauXvuIR1hKTvTaB82bWq16chYuVUYQ,dtgmyEOY0B3lKnCLoH21MauOFgp82kYClh30UBUO7swCJVM,Challenger,665,97,73,57.05882353
52,e9XR88kg50gTUFm2SGCSeaBmJv-4BLUlbJc5jS_thHwlganSXSLK7-5J1G0QRF_cmrcMeH3G8OwVzA,6LyFTTz_w5kz6zJR8CU-RjVAcZf6tM485l-6bjCGmYYEyxA,Challenger,662,84,64,56.75675676
53,i4mTIiBWHyuroD9l52M2_8SmFnObewo6ZZW9OPyviuwj5UUL-0xf1pj5yRqPCkYAW0J9Tn5L9lWeQw,D2oHj04vqzoj2gbtoARokHGsfKSBO7ahqzKz_Svbzdi07QM,Challenger,645,83,59,58.45070423
54,ZidI_nJfOu4FaaWvbF4S2kMQajSZqdVfrR5v7vbsohvVnPcV6k2Ra57-ncPc5aSQXrRiCQUbwso6ww,bLL7tgTwsSTY1bqYFsx5bZfHw7xZ6ZgAhHWUMSrV3Q5mTNU,Challenger,634,103,95,52.02020202
55,VTFMo8uMSDSyzJbP_0QQ2J3EnVhHt8ha6lGquZax-hVLKKROom2ABl5AHXXBrDbejc4t7KkaXPBJiA,ZEgqKH6dWC95_jN_pBhQts7qsSUdQZAwh78yCZGOu4Fa3Q,Challenger,632,89,76,53.93939394
56,HmdN1xd4Bldlwb7eaJtkuDWpVNDfrB7wVSTtxPj6sZGAM0RhrqFZI_D3w8JwgunM9jxVdHW58A6eQA,uRPkAmBafnhBCRGb3vSWD7em0582t2IJqnAvJFUQf8IO7g,Challenger,631,60,46,56.60377358
57,jhduxS9kd0mA0KwSlWysU2JxogEleukuU_pkjPKHh83UI0PMv80ggR1NIuV73P9TW2TJujtDKCTBAA,YUrsJijPHdZt1mZ8icWmxsv9fDbNRDMYiRXSK-v3kESqyvcf2BHdcSJdzA,Challenger,628,161,136,54.20875421
58,6Fsu6IiolFe0Pk_qVMZjrfS5mveFybpRpReNIHSl6WEtDq_remPTVTJuQrhi42MtD6UuPVJjS2Zu0A,UnttqkhoG3msUykYB7v2msQO_4KbqwZXgILjBSq3_hMp8unA0pn9IFsNMQ,Challenger,614,81,71,53.28947368
59,kUDUXlql_HVXKruaAC13OAMePKq6BsaJGOBgTllUfFuG8VQ_1xv-qHrv6iaGF4elWGmb5VQC3dbqbg,j3sWmF6ZZd7UtOfJWRuRpO8mxtqZE230tN1OVry1ZCDL0Q,Challenger,613,40,18,68.96551724
60,1KZBBX3k7YL73n3OrsQjv9QRjHcp9JQYXqjYfe-m4bOshnvcFwn4bfgWK4l1vzWaEchiORkotJIvkA,ak5GaWM_TC5ZeI6afXE4XC_uxgAUA9j1vn-k5IBk4t272lk,Challenger,611,76,44,63.33333333
61,o9CrfjPLD7iGkZ0nTWE1MVG0BZOeGXuyZsgh7jlp5jj6NFOGO5QO8NcCZGa3dbNcvX4VJVV0suP4Gg,VBR47EzWwNvNPse9hYF4CQdG-uWV3lKTTlcrxXVNVMmmQIA,Challenger,609,85,86,49.70760234
62,iF0JyFPBSkhRZufRHuEWD5hRnYRXPyj4mxwwmRHzA6VqJwNYNYRUkO62yRoc8COG97ODvR-Juwo39g,I_G2Fc_C3gkw3EsmcjZMGZmnWp-upoPXPJrNDER_DNNxeSY,Challenger,609,66,44,60
63,sftub35Hfsc2duGRXVD5HetnswgcXHATSwUoH551rTIgiUwzqps1_lo98lE1Fcc57_MjyFK1T7Zq8Q,ov9OF44QfFgGRc0RsL0aHHr5yz5NXTNa6_o9d4LrrBs_dA,Challenger,607,49,29,62.82051282
64,uia4bqmpXlxzLXbt7vj3gt1cYdUYtPAEbhSfCuCY99uQAFIKVur_eYb0ul2HfSOYSFzbA2NvJi6zAw,WHYUmAELESCsNkGOCc6bFdKZZ1GC8UIDYOBJNwzyTv8JGaQ,Challenger,606,67,56,54.47154472
65,zWyd2lKg5ODE2BkvWFWr8gvzeZSOtqguTQOKqRi61UcNW8dWn8n8ahA2gYxNne5SkJUk4ixxc2N8_w,CWHop2hhZddPPrzG5j8kRsfWSg65kn1q1YX84ezyrmbZ1HY,Challenger,598,103,86,54.4973545
66,HwHrsd8FmPsDPZ57NYDXAhYyurPRWuIfll6JjjjWepIy0G56hD1a6qLRKkw35obtqfU30xZCSyGxMQ,ouW9RsPh3Vq_cgibIlziks-RK251xFLLyKmGYMzR4tQt0k9k9w5obnisZQ,Challenger,586,76,59,56.2962963
67,zjLTkrSZE2lcASq5oIonf907Qv5hd_dtmQ9Ec_p7esu7tw1YuySjEI3WGj9Xng3XnS1WztlJwi94ow,2V79a7M_4PWDnkPs_uQEVWAKDEJN3cPixQCMEIXgiyaFtkc,Challenger,585,54,38,58.69565217
68,G_aqHlwxcGAen7DxeAAZyghBh4JtyRAmMvtkEuZgWxSeLG7TNnVY3z5mpombkIcmF4vNLUr-l3-VFw,zNjzNDWoc9VlfD0Dh9d6OZDt7tkCjKCZlF79wBhgPYwwgQ,Challenger,582,60,40,60
69,_yYl_8-UVPbYparUqj6q6bcD3xSP8XccUB_-8PaM28JkbyL-HiKSbgBuYkktRn6RiUK9s4FrBVuJ9w,eKrLoNvfzPZlW9w-8Lp_CuuZUPWvYeVm_0vsh90j1TCsG20,Challenger,581,87,66,56.8627451
70,N0qOxrJvjN1CIYGJ4Usbupybv09KDObwohNKdc9gJ2QV3lYAa2f6k829BmF3FRSHOe-q3WOiYiViNg,t6rNoKdPeEtQHyfHHEAQsbkdc4kWpkiqlIFNL_k1-7YIgD1-,Challenger,572,49,27,64.47368421
71,KAHYpO6iLr9wclzUKMIfBtQ1TFtRU5NYA__WVLARRqfTtLQ4d0ihdFJG2djVvDMTLZ2Fomaer1svYg,zxkawVhD5W-36-3wEgYNwZFTIfKrA3JP0Dhxn5bC06W6Mi4,Challenger,571,36,19,65.45454545
72,ghBCU1GKElEKr99hZJr4SLSYGee_lBmOQJ5QC1J2JC5H74YyH3-SgPXaJHeOlfecIH4dnrxCe_XTwA,TeBqRCSSt5oZKadlbCJIXdF3oVP3K-5Rpx2B7NnOTwunGk4,Challenger,558,67,54,55.37190083
73,hXghyYKW9cl0aa-CW4J5pQgV9IJdbKdqsGA19BpT0ErTzA60xuoGzw59Pei0tqPp-KP0GjZRrQWWiA,NG8eBRm93PVh_caeazgbuEidDodMLylSlym_OEetrCxrBA,Challenger,558,105,94,52.7638191
74,WQS0WWpmdVEXAsybWGHt0QMBoL_GPCJDH3Mfw6EEvlsRrP5AorCsJPpDNOegcBk7IfghI6xNzbx1gw,nHVcrhtOl-SH8oOniLU3aSb2by-ZiJXBoFyMQDMdjwx90A,Challenger,547,90,73,55.21472393
75,mg2D8h6uOg-rAaPsNhiVSeyY9hDg6BNoDt9mGzvqjSbxfdAYHiXHgnpywResLz2DxLv6X6hkdSyyXg,XK2loCATGM-ZP5lHI1wfhtAgMNxs6b26nfQFOFnt0QFJrgU,Challenger,547,105,89,54.12371134
76,lppPQDgMFv6VST76EFea9UqWl3UFGctaiASEnsJom1nfYm6n2KGjc93NHgATTxkrkc7qEF-nJSgb9Q,B8qO858G14LBtruG1_N0vxmC0WJSXOJ-fHgnj-1GJ_fof7CsMlKvQE89fQ,Challenger,546,44,19,69.84126984
77,3vMTx3Om2qa17_NLcs2OZOjTX_uEGwfjDXY-S-olIOmgmqR7OWK_XukKu_E5zJD2CtgZIPSo7enGqg,lJdi1Fkmz0Ihcwy71bkbJcaLxfH3PoADTUjiv93gLysEsK8,Challenger,546,58,49,54.20560748
78,gDImH_i7IDYEmtBgvTv-7bOD1VjYFZ4oX2lMhJgqz7t-2pFisyv3Vs10ENEzn-C0D5TXAMKyRav1ww,bvsd_mW7nUSSNlwQ34zhLFrh7HUDRxNox1ygBE1jIkoaFKEQ,Challenger,546,65,34,65.65656566
79,Bvu1rdVkccer2sp-5Ml28-NSz8Bz5LakH9MpeU0U7PoItc3sZyy9HHKVUiN2EuPBLzMoAtAU8VwOkQ,s_0QVbKxBY1a0SAIzq9gTe1qU_0tzGZzW-ELlJ7_5-cePxe1j8vquNlMXw,Challenger,545,51,34,60
80,GqtiJlpzhxzUvFcnsYCtKDxZk_lOMLmFX8AELI705bDF6aJ0oRdNAbe-YbPBoBcA3uJuunmDw6ERVA,K99gJz5UYehKAi_ZFXgyBBkYlAa70JFHnGGzxvAl2PAImq0,Challenger,544,78,62,55.71428571
81,QnK07E9NionVQe5mjTJKTqf7MmPA8vtiUGClCz9YrnCfzxcTvbpGpg_MKkR1FTJHxnfmv854K0KR7w,zHyduotSHB_MyYTo3b4UtVH8XMpNabr6PHd0-q108O_jEuU,Challenger,543,65,45,59.09090909
82,rRKpxsxqgj7TkVQB4l6qxX-rgjbBIJeQZSqPkUMfr4VYfu4zgLnTfm89CAfbIIDoZYCeGBrZBia1MA,4lxsnQ7__3P5w8dxKIA2sHs-aIXncwDPceBRr5C6lqp0GNw,Challenger,542,93,82,53.14285714
83,ChjCxgnFruPMzEupeQ_RzLadtvkyC3YGpO6-kT3b5OGxF5BwFFitlS5UhuP6vFxN3pYxxRn5IhXHjw,99hbHJ4KsLCwAUXcbuMBonjyhPNed5yAZgg3ZvJKGrcA8A,Challenger,541,69,61,53.07692308
84,3in5k1XPfBvelHcOcmWodTI4nN0EaxRsf6EBJjie3v-cqykuTe6ZpC0fwfVfVcbAVb1WL_sVf5c7ZQ,H7dgxTho29jaWDM-DDtTXPbMb3rgGDVSigcc50DflnaYgQo,Challenger,535,85,75,53.125
85,uWPvNcQH3jRmEn0Zozj8nE_PTKFngI8jZUE0FPFYFVcu9QF-aZG-BP_ptWjT6vV8bnL3fk-YDq59-g,MhBd1U9NStlNYmLfSxajL-_OnPzU9iRFaRW2MIpzkPXVW_I,Challenger,533,70,64,52.23880597
86,RBonqMKII17VAbSV0-heJDS4CAz-xps51BiQb_hlaCeKbTNfKORtmg49FRnosJJNbE7rBsCAOQHXDg,62RQxTAzEOOc3rLH8WXUnRTG9qxaYlqBCTx8pf0Nqfi9T59YD5QaalAqmw,Challenger,531,50,33,60.24096386
87,1dOBgyB69juKwdvgtMCZG-JSiyyuK229v2IPqoRHphkBCK-lyXKTbhuW0Z9lIG8KQkGdCcdqgvpEcQ,Xo0kEbbfL_0v5Eva9UWqxQ5Z4lsvn2xlAeaYMP6wFt5v65o,Challenger,528,69,43,61.60714286
88,qU1qEYQwfWlAgmyZPw_mlwXkMkWLgQHy9jx_wYV_vxYdVlQQIAzVGnTiVJh79fW9ZvFfFg3xFocpMg,FIp0-gaewGyDxQAtcjCmwgTdY8iaz7pVc9C1u69sFYLFonE,Challenger,525,56,39,58.94736842
89,6ugn67ZRh_-kDHo_41A7hiF2mxO0zbqIok3sRrUAOXBdTvex0fIcAwA1dqaZ8BJ8_Bjyk8UUQNQJsg,gGnXVu02hA7STu3vs1U-DeS71l3QjvpXTxEWupZggisCNLQ,Challenger,525,74,54,57.8125
90,AdeQ29xTKGGibN5mbMAgg8ffFKH1D9D7g0IF41OylMVw-ahG-5BesP4suSg3_z3pN-iI6ykTtedcfA,9oJ0Obn4K07hze0rYdP6HEYDvdJCfUOS-QZl-mScJI67FbgBKF_owipWbg,Challenger,523,60,22,73.17073171
91,HEhVCMwWoKmu_UtdAghhq1uFPNf2JHCUV4f22pSJwBjLBXNVksSA19c3WvaPktUEnHf_pW97wGBRRA,m0Vdqe3N-BVjNrxv_cEEZ5ARAYpGkmDa-lYi9dTBbKuptXxIZvUGQPkPjg,Challenger,522,58,40,59.18367347
92,Q3RgTNOCaYig0vL6TMAJK4hNN5knDXb_dQs9SknGfhDWroA5MeDnukd24s5-yvwEUl7jGpVsqr63lA,wCiwrCNb1nhgpqMLFtkacvT4WaWGJHtHQhLgtdD3RUF890g,Challenger,520,43,25,63.23529412
93,nYkKRW_2PJE_2uX8D0JFCTQthglRNKLthTo2pUJK-OWDs4WzHrm7JEK3oPLNVko6OvKMbKOa61ZUhA,HeePapOH4Yyv-VWEicSWhZ36TG2Ju7JW7zcHgVIpESqZ1-8,Challenger,519,58,46,55.76923077
94,MSJJ5m6YVJmZS3TYEMBAX192GejEnlelAvdtlmYpT6mB_musAbBtueGgxU1Oth3_loIR2_qRbecDMA,Vf1WOjPjKm_l1ox1ZJ74x0IaWO9u-Nrgje1kLpAAEW63VA,Challenger,518,53,45,54.08163265
95,QaeOGyrIX_qv1su1n9HMDGCwDrDobCXdyJpKq3idPwoRKPnwOm5KCoZA8F027lBMHVfEh3OhfNPntg,ZyxZRMBtufrGlz734PMTdB8umvydMgs4BXf9Xvwyfhzn-jk,Challenger,517,139,123,53.05343511
96,B1ncmn3OU0jNYTpFLvQXI8_OvyxUQw-n25bC8dpgQbtglPTHUKIJfHR4h3OBrEBaTF8Hft51NE4eBQ,t4Lt6WTXZAHOtJU80mD0LsnrIjb5wxSZvf_41r7SZyv1uXBhxfIt3qnZ7w,Challenger,516,46,30,60.52631579
97,m6HNWa72uQZvwRPSLf02NFvOn-SMK8eXcsaPpzFtqiBasoou3gh3vW8n-3_nLpFcdxZzV33YTRRbVg,NJAUQ4mJhkPpw0tScpJ9hjk3xqT6I-d9q6cOk2kG5TIDKwQ,Challenger,516,70,49,58.82352941
98,UqwKfXf-iNsdupvL1VXnTg-Z7Mci7C-dk75PzEmrc09N1OgIRexeuwzT6_CoRl4X5kxeuFF0grJM-Q,_lqlqW1ziK6wpYJCU45McDipscSKt9MTMjg5IrITd1dWcNk,Challenger,514,65,47,58.03571429
99,TTvxub7KCHmR6xVQKL9N5v1L8ebiHOLYPKCocIATa6lYTHLZ2Q25P0ZhjaIRDpkmngqNBQB9290AIA,aVcBiRCEJ8N0vZGzmiejAx4FL3IXiLVlyICN43tUmqeuXY-2XfMHtZR2hQ,Challenger,514,65,51,56.03448276
100,BIypf9FcRTdZSnlWRRsIrmkqnO-YbJ6vI34M_y95ckCCo3W_C5w5O7TXtfPXCvEW085ewjmRTNZjLg,us2IbdSgB3AGdmGk2HpB86pK74AOE01xF-vU_elFGCC6uJhPcUuv--5RkQ,Challenger,512,61,39,61
101,JXKZ1FMg9Suh7TH64kzNyz70yWfDRQL1bnyZj4tiNI3JmRk_aFMJrukJV-42iszj28Ke4IEcAsTOyQ,5r1HRwggFwiGD8gAIe0PzrtKBDatyYtDjur7XiQtWE8WRM8,Challenger,512,62,41,60.19417476
102,qy9CW7agKpOVFTlfjTQ52nAYPnaZ-kzvv3aI-2WP_sxK5VDijseDTmJLTTVhu2a6a_4SKWLX7TUR0g,lAAyWEQiOM2xczRQMkloHq7DmVMJjYgLAAr1QaZb6u1rZSU,Challenger,512,62,48,56.36363636
103,_ythOvYpb-1mkzdCACLZfX1VhUwctHxldc7duc1DBqrT-iGnNwvd1OV5gOOO5EicYiUxyfDuZ8Y-gw,vMkQGvoF5J8w7TyzZu7ORQKpHsZ-Xm15atAJ7U0r7XK6xg,Challenger,511,58,39,59.79381443
104,ximdfcXFnKhMZgIxXHD8Le3lFIpG0v-pvlopKBmdOEmH3jODY5OgigfmLDG8AVUcl6wbTAEEReqPuQ,_SzH6-cVZpwQMXt_0DJL6WtJzivX7GvKIA86H55d8dQMjs4,Challenger,510,59,37,61.45833333
105,f3X5ZW7h6mZKiTCEv_pDAatXcA0yYW0qYgfrv703hJABBpf0HE4hsc8H0QShsrH2blAppXSr02A_xQ,ansSB0FDw_Nkdf3V7-7R17EGR-dbuYcNiO5kWWkayNzL4gMazCkYu_JvYg,Challenger,510,45,22,67.1641791
106,TQiW-SzR1woYgBL9QltbdjVVzCi5uyi-mfkIYkIahPWEbnIEi--KgDZOakx8qBMItT23JTUn1Du79w,5gp0fIfHKz0xns3JGbVCd4Bim0mxq2CqFQWcOIQ4rk0I3V8,Challenger,509,74,56,56.92307692
107,Olx90QWVQfde0jU2UWze7qnL1VPo7apubaCKzwqR7g3eaesgqlayruuBPEp0aOwjuZ64hO0e2SZTIw,#NAME?,Challenger,507,69,47,59.48275862
108,HTiqPgA4i5m9rbQ33aikf6Vywp_7rq1TBAgyiaIEKUvxTbMv955oJFn3h92UioljJSGzbdJQnmfFUA,Xjk0jxWmvd5LjNtW176O6xLVGxPbHENEBefQ-Wn-zDNOg6Q,Challenger,506,39,26,60
109,1MuW4oYs4WXmA0x3CBH0LGpm3vTHRr4YSPE8aqGTaX2QEndngg0WBtvwPT8KrTvQuYVqJdZcditQiA,PfuNzJydqazJ8MUFaZ69sOSuOnvcjzeEtBkds9I-em9FwoM,Challenger,505,108,99,52.17391304
110,Df5DxkueyWwc33Lt2Em00SIzJ60QeaaXobgkhoHeSsoUFNWt0keUOnyOqXr_EkHV5xNhA3jsTLnrxA,lwpjVEI2hYmhalGA-vQKXTnPK2buFlkcC5QZ-N03CbjmYmwsOgM1pXc8jA,Challenger,505,58,45,56.31067961
111,oRlzMd_GF9GjmTpzwyOgXLKz39KgtjaMIs6iHi7wPP2-cqdYjKXx7L8RWOjfc39vuurb5NubBfHDcA,3qEc57Hy2L6BXA3NteC6YY-oeU5UhvhHNv1KNFQyobpDSsMhNZXhmDRwpQ,Challenger,504,85,77,52.4691358
112,1hB0JWEhj52nRqbb25CzckpmH_ANqtBU_W3q8fGC0ymNRgxCO9iklILFbaWoyS2f0OfH86EEMUrMnQ,vIWDitF4gsCzYwT_4z4BR_C0SqKKkObvh6J2YYzWk6E4ow,Challenger,503,62,49,55.85585586
113,FCZcdV01C0ineENppshrl1c-bhJR7WKQqQls3xZYhkv8W3AyigPIV1T1ZmYteJwioCeDsU8dHkCghg,XAmtJ30ng0y3mBgJESfqVmj00FygXqLD042MNSBsuuipjw,Challenger,503,66,56,54.09836066
114,vTTUvSRWXfIF5VZ7zzeOur7QEgzBa1a83kSisWhFBOKaAobF0Omd2Hn0KsjTaXb2asYIcHNtQwgh4Q,zwLZf8gwa-JBc-iV2_v-lnzu7_Hyf_bqx5bU4U5wAoV1Sg,Challenger,502,58,47,55.23809524
115,oSkRdvh0NYvUZi2lmJUizjFrFU2sk0NTDTbC0iF_-bUb9tVzMIvhkygk-MfpajBnI2wTDnG2K9qtIQ,vZAeshEM6Tna1wa10JVjUol-HqDqf4v01BYH-KZnX08jLLg,Challenger,502,52,46,53.06122449
116,cb654KJX5-mqwvLNmhBww50UR0pXSA5d0X74MYpAQZBWTG6__uGK2o8FB-FSvAXn5wwTRLX1R-q5gw,_LHafaJCr5RIb_GkecOGsXq_5UXA7jVDxQrbdtaky-VSxg,Challenger,501,152,124,55.07246377
117,MpCer-flKrgvmL-BbTiDPlvqwxMjwFNIPxRH0zRj9IlWrQs_ij3wjkqjYDm3ZBtFMWcT4j5eULN38w,SQQoQjzDjnNujKHrcGzqPZn3CPYxkvQ9yVy_ZXunD_9UDWo,Challenger,501,49,32,60.49382716
118,m5NqLXLAUTOleH4Q8C0zMwqtTOOqKzWK6t0BzgYYg_UW03on8vaRN6ERtFvxD7637IbCaeNIn1EuTQ,DyPZlwv13lgcC-71DEd93KgYmtrillSE40P50XyCHGAI_PuzEMjFlA4RfA,Challenger,500,70,57,55.11811024
119,kdyoU-vIbgNh1Yc7mBU-x73n38Pho3pSbReIGmfF3_9-2RXeF2m3o_FOrTe5nYa_1w_Jcp7e_meEJw,DG-j9epkdgidSvvd5Dvs-MhG2yyuDcLGIcc-fmYPw2ZTg04,Challenger,500,78,58,57.35294118
120,_AxZf58kLJFq2eEHrCFGkQsrKDnHCALGKFG8QZixKJ9zLr9i_Ty4ax9Otsz9Tx14Km-nE7l-XavwlA,LTYi2mZOOduu1vIEGOEAZ1kDe_f1TMr39owyFScjXw305fk,Challenger,498,93,80,53.75722543
121,MvnCAlgDMlBk-9CcdJ51mfyGy2QXqDzqb3Fah5Y2QjKeGY6NosMNKY8_wIwN7EFiFNqmHyBoLZ95xg,FwQ1DnA-wmc0-J-C-4VRP_kI81kDhbe7Tmf_l_SBcj9YrjU,Challenger,485,83,61,57.63888889
122,OrPNFl2jT-841CIjZN6TIyczbSAvC3MOpudj4x36hxfW6WsIREQlyIz9Z3H9CRYKljfJNXPh3HSzaw,vwNFgAB5PMVL1nY5WbLenU06pszHU0m6zaqDKKyD41-0c_c,Challenger,465,92,88,51.11111111
123,_zzBlO2ufCEVPCcO6aygya09D3hwsXHUffNjP76g0m9Ne-216zvv8Xwiohd8S-H3-sdHK-jee_XwDw,prxBpXjxWdGOhFayS6Zriyjv0cut4HAJE5ObvyvIql3wGA,Challenger,463,71,61,53.78787879
124,Y2aej0OmnyKWDulW-vv-pM5Iifmc4RzJSHZBOdbiywTfVJ0jtKy_jAuMUDSJYn-E23HtwOEmhWyjhQ,D7MV0o4Ll_Pl4-eOKbBKYvu3RLITqVJaRwi_BE_oIpJjDXg,Challenger,459,43,26,62.31884058
125,W4atDbgxpOLmulawXkFA-0FG0OMfkqtkK1OdD08aaWpSg8lIzHLovxG1rp727zVbecGR0nfuRf_rrw,AONX4pmoNDtKmD15V2hqzPHfRpXPY--Rmnz7G23c3bnaqQ,Challenger,399,62,43,59.04761905
126,2r3I-aQ8YRY-2Ggd9Chozn5WkoQzMYnSINa2PgV4RmMA1q3abgvCb_GPwJKMogR8auFNwFqeiv52Ig,5wzAu4gYsC6fwn5k-_nNuaFz98y7slSEPd8UNGzgNffV1w4,GrandMaster,499,31,9,77.5
127,RmVNVmEFyxRKfKmcicMAR4DbUsvlG_1UQVmlfDW7RsQNWRQHUBnUEpmh-myBfyZqV7OJmldJf_iEdA,BQGqcKYyadAKHphwDB2DnosSfnK7AAjkExnalCzIZpxcokY,GrandMaster,496,60,41,59.40594059
128,rk__MFGCYUVkPipnFpUxiuxiaHy_JvONqEeS5w7BmnMbLofmKhJCg397qlVRaQjtQQSRqw5h-b8VFQ,o7T1lWNvwrMXj9uB6XBczIBHYl7yjXeNbyYxEuy0PYQVPKo,GrandMaster,487,67,55,54.91803279
129,-iploOU_kSoQ0BN8opG7JqM_Gl-2yS-DRl2WyxTIRiOYl5GaHQTKHDq-E_Qi64kWXVDsKvuGGlU6-w,FM5qqa8_83A1gGnV6z6VZv2OGPt78f2j-KhdD0_3fkhrXyM,GrandMaster,481,103,87,54.21052632
130,i-8jj5NXYaK1mtyj9pIINcmmyTCd9lv9b-edaYWqfFq3gZVwnOcb5R5kbUKu5F1IFmxUL-NWaBe7PA,8lKxWucWwQO9aWbDWkw0YFzO4cT0m_Dl_mz9iZ_zdXa3GtM,GrandMaster,481,52,41,55.91397849
131,FLq6vAcK-4bwurj9xBW3JjqkQ_9DzGwJ4ELT8JdRmeITfFj3KVcJMCSaaQpGaFF9OJGSgte7NdYZfw,9gUJItGxMKOnfqcnU_TVkVauNEt0RISVUZuf5iZM9FBzl30,GrandMaster,478,111,80,58.11518325
132,molGskg1GVZu0HT4y3UG4fbV3Mrysd6P0K0RXknKQCB9S38D2gW8Qy1_yzDSMLV0nMf0RR3MApSHcg,3jMf-dqV5ni3zgAHy9YrGnQjeBdjf6ABAueOzyehGOr8kSz-eLEHvzadVw,GrandMaster,478,64,61,51.2
133,MCeTKo3-SV_fM2kpnZDJnNXpWkluG78RPu6grupgfk-QYiyznT2_X0O-q_Jve0zx6wfD20_VEL47FA,NeLX7XaqnAseUkt36nignnEiqkOBTSQrZsdXXpuTl6QrIA,GrandMaster,473,36,19,65.45454545
134,j83xUN1-5Fqtll7KAgHCd5gHcefTPOrgEddlWvZLbTRtj7t6qHOhnWi_6lpGFazFUpUu4ZyrPtKfBw,0h46gR4rni3cs49vycXLhdji7C3YK_cpY7eOvUG0YcgXdd8,GrandMaster,471,67,55,54.91803279
135,u7IXKeTUZcNokTzcc1IkA6pX6X1oAQxQTkbgko0gMuRVpWHICaexkwaMlMrgFNBAKajkGLnL11iGAw,qyJnet9y1eDBVOnEU5Yau21Dk49ww0NsmQ3Lt-lYIrYwKlH0PGbizgzOzw,GrandMaster,468,47,20,70.14925373
136,bPt4Pt8lUj7-8D95utOJcKNCgmB06NDuIf1UiJG8tj_WWDRswNY4TizEXolfPScSckZmMhK2KPSDKg,sYnIFQPb7BKHvLCXou3aWp0bVw58XJ4l44a-3s0kf_zKR_wEG-INs0h_Yg,GrandMaster,466,97,88,52.43243243
137,SwCdfZMIT2ISPfePQQjzeFwHhF0GfVhu-0hyf2p6DScFeB_3eXll4RBVxXL05ACx4U_fRVj9BokzMA,Cp8ZzfIy4k-XtoywI-EBm8mJ5R7hgZgGYs_Mjp9P86iL4A,GrandMaster,465,50,34,59.52380952
138,TtmklKqaEJtXIemBYIJe-UBKMU3oVEbWiponpRHuH4vzEA9QA5X1_b4wg0MVaXFC9FmddPmWOQQHqA,8dGQKI78S8EEy2K--FPUgWUW-wlmwfyEZdESp5JBd9-7cnwYMw4GF9Khew,GrandMaster,461,75,67,52.81690141
139,u-kY57w_rI9LvbCQfi1WfDU56a6a0LFuLurTjoPvIORbau6i8HahG2iXJ5kjMd2BXFr6dDd3au4AgQ,VCvKzWn6BynZzBH3xsbqPiiyDvZ82F7pSASEbCKVJjeYjvA,GrandMaster,454,36,22,62.06896552
140,n8tX-u2IFwE_-_QCWCHAHSAHHuhGu1xqZUEeXSsDI2XoexX6RkaMOowK-GFZMF4FzTA6aTI_bHhjcg,TXKdW_jNE6CSFvWZHwjcHcUskSDf3-eiYmoQsM5X3YKqvXsB,GrandMaster,453,41,30,57.74647887
141,p64E8P2U83UWaUPRGJiIBITI-YEfEwTjcAPYPbfjepn3b6dcZPPKKuOioWLBxdpRAFNiwKcW4Fa3OQ,QE_0bH8I5Ku5CJy9XsjsB3viTc0-XlFIMDpnzZc_fb9d0Xg,GrandMaster,448,47,34,58.02469136
142,Pd4BMgH9sgnfkxYZpIr112iGx7Ey-fRheXEFQeDG6ro_bQNB24BA2blcJId286E38bhFF-ko1kRv0Q,AX4aedt5FF9rrJdp2xlOdBMvjJ_TSmvDLiTbpH2CKPccgkPDiI7E_s3snw,GrandMaster,447,31,16,65.95744681
143,6oOg4vcrC6u1mA4TFowsI7ZYZq6o8aw662_ynQ6o5yCX-JHGN3BolNXcLRyLPqTt2z5uGWDacm3rQQ,#NAME?,GrandMaster,443,42,30,58.33333333
144,vAj-loRhewif2I-F_HL-MNJN4dDn_mjmQJOMbpCr-kkNUQ3wv0zEKfe-6mtl8mSER3CVX8ufSKE2GQ,W3rBHdwVhlcVlKvDysyCaJ_o5ATpMbw_fX1L4r7i3_7Qpw1O7SaNbsF80g,GrandMaster,443,38,35,52.05479452
145,kdTr47Gr0Eum-UoNv-CV_-45KsIvRM7y48tJpKX95hl6FlibeUY99N2fnSiF12hQU-VrYA-_K6PrQA,ZbHzIsTho3Z8-ryo2DuVVY2WbK9ZdbYcRVyH7uLzz5Povg,GrandMaster,440,52,49,51.48514851
146,-lDz0m-6AGZ-EAdPHkDxDqPuVcElvVGgdA9eIyzKEDZNhy5zHe3U202YwIgGLkLT8Bka0Cn9zV9msQ,dLuq4KhA1fEgGqnCmKCXaU_vYJd6eQQV6EuXxE_7l5OQaKXZhpQPSsqX9Q,GrandMaster,437,82,59,58.15602837
147,9drMe9mvyyQeGM4BaWEIYl5jgY6SPgyrqkT35RJJzFP2KyhQD4PlcuMk63VV2feDnhefcRNFUv1zxQ,aQUmrEtuCX1YzehTBtsX_Lt1w1895xrez-ob7T4uhziGlw,GrandMaster,434,29,13,69.04761905
148,3fiLs9AO0pFRLPKn2eNUaISeuYuMcVDIKdn8PzxtXjPhJvIx7MpBgWHjxUP6jUdZAabUgj-3VtQ0dw,rfBBw1zC3VzeSubt0ss2yu7OX-h0oVd-sm6-F-7njO7Rp5tWvcrOSl-YVA,GrandMaster,434,79,66,54.48275862
149,dRTnOWcHwjbLda1b0kPYjRWyDl2ibbWXCeNYQ2h3hfbhctGglsKnSkOQSEu2tYfQEkmvWl8S9Ab8iA,fkL7CWCCSHUAvEj0Ga922v7t_gXX8W7LxBLlxFaZNLf1I0s,GrandMaster,433,54,41,56.84210526
150,LlzG-WsWfhgRch-ev6DDEcVOBLz_QSMX7MZez8r3SaIEeFYZ0-6fRh87qqyMy-a6zMP0HpjFy9K_ww,m1pG1OGetO8nVqnmoLYzFLFhHrgDAMfb9B0niSz09r0GlGw26J7PaQWy2Q,GrandMaster,431,74,56,56.92307692
151,6Cpy693BAt0qdnOn8tKrKa_UxYz6gfBgGNGGQKlDC_V_VRwoiu6Kjx6uvRCuSYcG0WdFZxypQ81J7g,tNn_5dk-suOL2QsBIQmyJcWzt6ElgFJaiak2tmSjaQMK5fM,GrandMaster,430,72,62,53.73134328
152,dPnTRyNLlU8ofe-E_HwG5aH1iEknOMoZzETLqI9PNSnl67NnSylWtVeI409-2P40i3Ct1fkB4T0XUA,5QoUdCNpNv-itVQXIm2ooAtbqyHnckrFWj6fsJtsaR81eTA,GrandMaster,429,82,65,55.78231293
153,PXOg5kGyzb8iQKLr2eqYzo8Bgo98PBpbynYg8FCeMLHtoW7oBtW1eO1hh5G4RAp1SStd6cNAMzk3QA,_Woo75KtjJ9Uj8Hi5rA3P2mgy36ERZL-a3xznVWAFDdxALc,GrandMaster,427,50,33,60.24096386
154,T_8iCmw37sExcRDc1e_y6-4maKnitkYnjH3DVN5ahSXQu0EKbzFTqLoQfQt7eU0-1nEhSJ0R9eZ9Ng,Ep4W7d6STiC3DogABnu4RasLXwwyNfyYwF5qBSkeDVaezA,GrandMaster,427,42,26,61.76470588
155,I6CRGPAGs93O-FVC-VqrItuACA6UXUal0sveJiT7_y-h6eeM4jQsvHZyZshZA75zyeNQPjZVsueNsA,CNie5UkaTm9UNaHuD97F5uqifDl0FYXaQN3xHhHOvHwXNX16L-VCcMtEIA,GrandMaster,426,64,63,50.39370079
156,QXYmgPBHqIA4kjjcE9VIxP0uiSQxbijZOhUyBf9tcfOR1eDWhV05nKaDcwtnMby1-ytonapkT8Ct1w,BnrP71SEdIiKxGhHvQN5OjU2BzEodetu64MgQ_36rgYAayE,GrandMaster,426,51,39,56.66666667
157,-7dYRV1nAL8AINDGYLUJjuj9qbvpVGiZe3maUG3EwQtbD0hXbbqPgV1upye2GaCMVmvIishDzUp5fA,LvcH3NaAzA64W0HIvaX1eV_I19RNE7udfR0-GCSZc7xWfg,GrandMaster,425,76,62,55.07246377
158,zOItlV4p6Qxb8M30jKlxbplFsYeIf3zzSNP0sixObsev9BcLYCpQpOjxWEQepWSz99-Aq_AlbY9rkg,kjf5ykKKyFhKJ9N1BTCixKgIOgMUmF2ADLXWnkCVEIjZehlHIWhgHusu8w,GrandMaster,425,101,87,53.72340426
159,B99Oz62euddjNexlgR_y3bfki4ObUY5t2ywx3s2lJXYznu34qjtKeuB-0ws27-rd9zTB0SezxpajLg,PVB3T0ZA-pdA8a7U0GPvqC9eN2gvDLFZGrdN4q8k7xeYxkg,GrandMaster,421,74,64,53.62318841
160,jKH7M7JrCStk4X1WgwFSKb5lhFpYgxwK-fPIaCqx_n3GUXZeMMarq0RPuV02l1B7ArVvtluaMF-0nQ,S0WnbCFfhmluuoOSnZa6vrcVgEstfs_e0ilIPV7ZXWr4VQ,GrandMaster,421,40,32,55.55555556
161,CKxSZFMb_0K-0_5oXI2cPlNT-YQiAv9Wi9q0pRRf4h5nTOydKohVp7PUmbcJ8vqNlm1mgMRFM7l7Bw,bprPtmwOndL72I6b7i2ZWAKJDpRmlEHFhow_W70MbcLONIY,GrandMaster,421,54,32,62.79069767
162,C4LwIwvm6ZH9T5qDJR5qJ61rEZfVuB7zZJu-Icp07b5EvekhFnb9Rdv8rg32qN2lE1JLzUDhbmVESw,8t-y2W3PtIEXqMG_1V3GlvHi9ICN-vzmhjXbnjPYw5iJ4MLo2_8XWGDuzA,GrandMaster,421,83,66,55.70469799
163,WFz7uqxTNWfA_OmBS15B7K0SSlQLj4kYbdYYJQ5XcUK66QZK_6CRO1ndBF_Na6cll5FL-GGMRf6UjA,jDAA7Qa2wWiyzEpin2al5-Y2LcjiX60EtTIWdIRQi-69GCA,GrandMaster,420,51,37,57.95454545
164,mJU9wS5B_SzdSibOX_OeMITodm7Iyo3yhfcq911Sv6N9kd1AIAidUNc4ThLMBBIb9bMemMwQUPHZVw,9eXGU486FSGfdlaLGqZriO-AE0c49eHecFBhfvs4ggxAxwuMrkVB795u9w,GrandMaster,420,107,105,50.47169811
165,8nJGDVKU9v5S9jCUK1mJBiaBqVkO366EusnMM_M9p7b2es9VZG17lbMGWd8pX3FMHt2bnHlhlKJ-AQ,hWKMC0ZzySTyFiZX-H8REnaOVWuZEHtL-tkmk_ni6ul9_pU,GrandMaster,419,41,28,59.42028986
166,_vKiORgaCOXYkDF7VusvatBTcwjo4okagQaTTs_2ShslofidZrpDHN_emGIuEYV96VSdslCFa2dYMA,Bi7wspEyVM0LB_e1s9JGuMksdLKyYb2VyyuHCWFVmm-l-w,GrandMaster,418,47,44,51.64835165
167,TU3gCxV1VqN472ooAFCZqtX2qjesCTZmWR7dODtNlKmQpo3C95j-g7_PQOf62YTzFco-xe5lgQVVOA,xFKizxFj_-oTx6gGijTXAl1I9ykxZAK4s1qXOMyoXrcNIgM,GrandMaster,417,83,64,56.46258503
168,jqG2t4XWHV4wldWMBimdJ6CgnN_m3qgxeky9iwtt-NVQ0GIs9Be4YPVQOx7zFWdxH-YKLCGvsTzXVg,heNRFrgIEke2NfRjyuVfxaxOjFhyY8w3IZ2c6DvMXnQm-A,GrandMaster,416,35,15,70
169,Jrlu5SS3RLlBptMJf7aKl8KQLUYi72LN2w9WjHcUOPWInTunXMubJNEMYjPG9ySzKRuDxWeaHaUOqQ,L3KjZSP1m69fRf4gd9sW8spm1723ZvCCDEllIQim9qWS8g,GrandMaster,414,66,56,54.09836066
170,1fb7P7T431wEjOcUwzsu-50pZ4ZU98QXETrfHkN-yFwRgLmDCkUtvw56Q2U7TNHGCkGfd-8fXGGb0w,cabc7WObTmXLQ8xG1auuv-jKMdHeU3NDoOMALwkrXnTc28E,GrandMaster,414,70,59,54.26356589
171,XzEYg6E7ZZrSwsrgdIf5dKVgqvz3g-FPGqgJL-y95rw4-3W1b7fHXkS_Ps97ZrbQ_g5z8o-thwvcIA,6vCgSlHc1qbbjkoA7eLiS_f-e-j806Daeql-i4Sr4596UW0,GrandMaster,413,28,16,63.63636364
172,o7pRBLCCflQofu4BXluSKEhBMl0fRWADisv8NlwDsvoR0tetXRSXoCVq66FG6FWomux3RrTHhRFsNA,YLEgYIfh8pgVeJfYQHG-8g1w9P90KMHxeXNiKwpRYb7kBd6iNjc4gEgLAA,GrandMaster,413,117,105,52.7027027
173,jnTexbYn3d-RYWJygS6j39H8_pgkAai1KKx_Yv7JvYfrdesvVbxw4v4gsN4Ryp-jnyTgp-cYGEcTQw,xSXPjuelGLfjBglfbVfS_VcyUYEMs7fdVoTd1jgECyRs2UJDFBZohKerTA,GrandMaster,410,71,62,53.38345865
174,oHk0q9LdR-TfzvddYB-Q0G5n0wrZc9Oki6Fc88Vp3ebN5mSxAubuknd3Sy8rUv8yN-OHlFr5FElk-Q,2uEjJbp8Tl7rR9pE8KQrJMClh1EVgw6xu1v2a_Zwgqx6yA,GrandMaster,410,61,49,55.45454545
175,0wAeI9ZMmbEQiFZ8ea77qM6gwPCxST5rqQ1NTqjeR2No6xbrNl9qIsQiHpWZ8tExXEe2fCb3U1Odog,rpRwFNw9LU-pzhczsXMgzl0lXiEKDtyibsF2GdxoT8WW59g,GrandMaster,409,83,68,54.96688742
176,qAyYIWYhn8JVnFec5UQo5AE0JGK0p0yoh05-f1WD8MM-jaxqS2XdBDAZuFnBBExHdAmJsm7gfEiQ8g,kYpb3gqrxiMBf25tno67Bx1qTf1FF2Z89RDO8hgTA2zB4Q,GrandMaster,408,78,74,51.31578947
177,u2yYls8KqSeBtIONt3RfsUoNQRm-8t7N_k8IRkkSYyPtTrhXDbC7J8yYNsq6stw0C5vHhLpiPCt4-A,8M7aIMIzHRLxCSK3Diy_K0C4yI-CGSb8mwM5uMSa2EZs-l0,GrandMaster,402,62,47,56.88073394
178,EUjeWyHhqWYp35Tu1qodKxc7ui7vN_puyEsg5enx0tndAwS0JOy-WcJPKAL7_wBpi9gdLKpnKUBtdQ,SdBs16A8vMUj969tiw5oGGOGTvaXjnePzK8VcmDX_2-8IpA,GrandMaster,401,46,39,54.11764706
179,WgJvvSQawnHjjhvRKYFqrHm4VfQmiOeDqHqcTR6PBxINy6fO3lKddmRtwMGoO7Q2AYAEhq6mNyt3wQ,EmKWDDn3nH7eVZVyUmiCtBOHUxpU5Jf8BMsV6KTUE_DEFA8,GrandMaster,400,59,49,54.62962963
180,4RsIkIR5n7xbA8lwMmUkoBgGotrwGLhJ0uUcupCfWO_TJIWQRcDtRJC2Cj_c10OrbU5X5SxpuQuCBQ,iqgNGYiXt946b-Bh9jiAyuiZ32gbYcDggbTT-zvpTb4riw,GrandMaster,399,106,98,51.96078431
181,NCqUxtO3xFztF_2JmON0-fJg7PQfdEpXz-zN3_G_ycteRN_9f_RgWyOHsyeBS-iWxx4nAuy2cjyiSA,bRK-pMDFSz5dqZKyV3tEyDv6MuTvuHO0oUdYBZJ8IKrh27U,GrandMaster,398,95,86,52.48618785
182,zmL5s0rs7FyP_QYq9otL48eXF-1Yku1gegaGnkJjup-z2PYPGoudzFLuaDwYs77bV3xOq8s4lk1sOQ,zR6etXvgEUQ4uwAlFHamlSAKaVHuMweS0rNDOHDik2Sa0w,GrandMaster,395,67,48,58.26086957
183,fO4lRCRqHc79yY7-M_C4RCqNZjgKiovSfG-WQ8DFx1ylENRrv9VQIS6GEVF3RLcCzSF1EicdnkdflQ,5AgvwTAPGZiaFiUu-fQE_2DL9otSG-DUowcL8Cr5thUeFA,GrandMaster,395,95,67,58.64197531
184,lTltvA1_Fq5v00pSidHOd7SzF6l5Vqpgdr54fpqO_5kHWssdPYbNkUVDd3EKXMGU9IyZsvwPtXHG3Q,eov6WSxCOLhA7ue_3u7KGv0hsVcR0ZqYx01ISVWDiw9SaZM,GrandMaster,392,51,32,61.44578313
185,izKGBMb7rRWDLAZyQVfCjHAuT3R1mD99qsmayMocXvep2ccXtwUZ35UlZrfk71sw9obJkKQ8TQn3FQ,RhHxNThmQ86-0W4L4v3B-pHdI4WUryKZrW7YUqThYuRTK-0WdomfUw6nSg,GrandMaster,391,69,49,58.47457627
186,e8WI7EjXPrmMQkb4r04s-u_dEImeuPvkjX04_3Ah8jU17wHQG_wMBK5pi7tGLcf5j5hEflnfhaDQKw,gc_kzlsyRTyldL6l7OelRESMv_f8RRP1AK9WCYsIxtVm0w,GrandMaster,389,55,35,61.11111111
187,zxhUfUWGSF9V9hkKxCOBEZpjqvxTD7Ku5Pu_CgmMCZp-N80Pi7ArgYHhIfe3H78qqpoPWrMBCNhg6Q,wOyQi4JmQXN86Q91eWk8We1FhpuRXlN3cWIVHPKZjJiCaM0,GrandMaster,388,62,47,56.88073394
188,VYMjFQo-p2IAwdas2iJprr10yqMekM7DOUDkDDr487gnkmqwJI52_9_8yrpA4e9nrQKY-h2_DEqPfw,VdlfLeXD3d-fvL2Am_B1ePkJ6vXt2FtJDARty3LyeytDxxWAb_Wscc1YNg,GrandMaster,385,84,55,60.43165468
189,j5o3S57wvlWumPtVHGdapKFRvAiJsdw6aDBqqjH5670T6RIKkTFxV7Y9MeoQBViCUwwH-BElpS7tJQ,zv7fSbmm6qxPjjkUm2PmcTrBiaEWQebOtemRYodwOkgglukb-bml30R-1Q,GrandMaster,385,63,48,56.75675676
190,aLpslYRkcBj5-c4sOzlaxFX6BuuQXHwz64tSn4I1ZeosFnUsK-eZAYKwHC28ELsQUVHsieDDjjWDYw,QMqnr81p12RzmOti0GeMJRv_EDCY--llCngBRQCslSKa37c,GrandMaster,384,75,52,59.05511811
191,vOdDF-TlqHfbSp_8qGmR6AqokUwY24LkAgk0z5gHJvJULc1MSLt5KVRbRIk2BgMuFwlRimXAyXyzaA,C_EjPug0MiLfLeVE4Ux6AsM5TylzI0U0Bfw4TTMaHOwTbA,GrandMaster,384,28,13,68.29268293
192,AUewpShefz5SP4pz9itimR9N5VzTxbnRucX9gMKWmT8bBJ51iZbodM65ill-Kwn17t94XJR2Mr95uw,gvvMT1izdFJsgzXbwUzIqX1bpz6CtBr77TgwRAN5WDzcpaFfJyutqlBFhw,GrandMaster,382,89,82,52.04678363
193,v5ZlDHTdTIWc_75zACKJ50q12pKeBqtEIIQw5xqb1EpFLQFylIyJOKW3HA1GMCXxh5IMCtnIdO6bSQ,HLS-YnMPXjKINI5UmnXw9lmsBODqnxLcXI2P1D1btv36cg,GrandMaster,381,100,95,51.28205128
194,6rr6JEPNe85noUzNWiqmMs2ZHoz1Gkm0b5EvPGYAT7pha8VM5qQpwab7RhYdZxntK1lYy4rNuI_eaw,UDhUM5xPdnTmo8SuW85JY12xthNEKExdCQ2TqZw0mtStklE,GrandMaster,381,90,68,56.96202532
195,EsStl-uXkdJqXPj7TZZA_qFxM5linkEz89R9-PprmsATXT4nAdv418ypFyg7zPk5LLYYyGVTpenhDA,1lDJE7n3R3PD4gIelm7Y7VarlfQrCe4zH1E_N0L6o4owXA,GrandMaster,380,95,71,57.22891566
196,Wt5sHWnaOagwdJAOu4GS6k1Oex_REHAqV5L1whj58CD7nBlhfGZ71MJI6mtVHyzQhvtx2aQiBJWDwg,4SXTwM9B4I5CGReTalrr3q1zPayGISAJBi-s_hy02zixLVEvF6k8cBS4Gg,GrandMaster,379,102,83,55.13513514
197,1jC3iwwEW1_jVpMZhr-UKtMOJObWmmP52ylat9h83tGY01uD-_ktXq_91yQGbQnUOaRpY7L18P_eUw,Tm4HGaymKU6u4997dCPl7QyfGOsj2aLHD7_jS6ewW87PPQ,GrandMaster,379,79,73,51.97368421
198,sQYIxiWZgaqhpkDQnJj7VOlHEsSG0om8KelN9FrrxbBbt8fMqQx_sBRxBGiW-lgC3TA7rapo5CsE-g,iHYgK2jSUwy_EB0p2NlOU9jTxm83hIBOsz9qrkKyUyWZnEnHrwLvwjb3Vw,GrandMaster,378,110,113,49.32735426
199,taVwDFRrq2m5X_flrmt-0q54C_d1Kq9YUhQJNI2sEdNaNkrvtuZuF-N1qu-aoMRwhafHeeP_Ah_8Zg,yiK9i_Y8Z_3WqJmrLC0Ub9F2mOt7T7NDeb1oSrmXs-oSBNvBdQF3v_qGUg,GrandMaster,377,41,28,59.42028986
200,m1oi7hS5ZJe6r2tXcRopoOyCQTNNoygbVgNCCHfnf_w_iX0B4wTQHnLJUKzgDkti4MhK2lPsy4F7vw,Eki99cXdwI2eQNr4rhd2dTDh_fZbagto6SeBkF0L83l-lBhDsOQKv1SEXg,GrandMaster,376,57,45,55.88235294
201,RbkHAwliTnbjk4OfFDLkpWEB-kKv-zDR98hvsoymtQEH8_g_WLQuBJQFihwnvvcl88kq3SqLMTYOdA,eP3eC8W49uD2BZpIeiYHxs3w_CjQm8SNCv-qZp5osAOfyw,GrandMaster,375,51,43,54.25531915
202,0xTWNeNSwa1RDQmDecDYQu8mfDt42VK70H3bdPHXInzEpSRj4TEzmRt4BaSIvs8-hWDA0PsblV2ssA,1CoQdN3WafHVFJt77-8oCiV4QKOk1MCfyhaG3TjwbRaRrg,GrandMaster,373,53,47,53
203,jACIBDbVcXFXy6Yxpxil-CPvumcYbFpW7c4No8-1McKnXXuyuNPp4eez2BH5jFO56NE-f_4YNCwatA,VPWgritxsjhYTYGBaRDagWk0dJJCUA8LwiPyKctJwXFbcqk,GrandMaster,370,55,43,56.12244898
204,QIBBTR4OMrAP1nHoAOs6oAFh0n23M_uWVsp-q1M4n9S1F7WbLUrzm4iFznNZo2TNufOjrjlsxwHRvA,DenEkQgCfK3luBAJHUbkeBEumSUtvzmn4po7lCnJk_m-O2Q,GrandMaster,369,48,44,52.17391304
205,WCTquP2CnOHsv-aqzhYT-QJ-yLTnDCTozyFAGcnnYpk9yUPMVprQgclz0gA9iuKEG9oH1d-rksx6IQ,SQ4zGWSbv34k3gpBCcQWkYpGpKemMxhiiQB1T-Q0l8LLPmA,GrandMaster,368,41,30,57.74647887
206,fAl3E0501kfdQtweW6i-Ee1IT6JsMPq-adYPU5uZG3gyx8Da01_kuzCF1HclFx8MuHWpQvWbJMX1_Q,GzaKOAEucFgWiM-owJyynlvncsQB1e-mknBXU2laxXW5DA,GrandMaster,366,78,67,53.79310345
207,vKrQwRPmcoUcfvxghnCWAZe3Dq2JkFg8OHGiXVDzgZGjZz-xTXR23gZxBYEYKBqMCYfJao7yq3rK0Q,xm48Hwtc48IN4tEovjmGy-71vdLzAx61Kzm80a1A9MknPjwF9qQO9M7aHg,GrandMaster,366,65,54,54.62184874
208,X-0FV4JqD2uPsvqM8hV0hchOQzr7YEHTSkD2SoN__GYzfxJ6kW1R_1PMReb79jE4cru-kvHmhi-eSQ,pjIGvVIN2mEDEbCfIWRroEvshYcu9kIYGsS23iS-C_STx_g3DIiGzuBgQw,GrandMaster,365,49,40,55.05617978
209,bj2uiQXzSaP28yMeBTpqagkJuG682bXK5q-JzdpmG6SjXy83DDycHfDVCIOuyeHqiwe77EhaqMWdFg,vXqQ2BiG61JFz3G-sKOxb-CFZdLF_pxFpFU3_mvAMXyjwkpL1SUbghE0qw,GrandMaster,362,57,46,55.33980583
210,Yw6Egzq7qEtMcGh8rU50nMzcL8ZwOTKF2bILwr0TBvuaVftUMlK1kNjXsz9JUBh7k61FjsOjdU94tg,q8_gxVagBzTz5JYZh2jDM889eVBpnZ4XgDkGD0mewi-ch-_yFE9wi654Wg,GrandMaster,362,55,35,61.11111111
211,QiZfaJ56_9w2FpAui4gPIqxTInaG9y_rUMZn8db2gBZVtvquqYWXySJdGrO5j4j1MXDHgO1TVXAycg,O8ud8OOuurtny-_kKnKSxZUujSHSfKDHZhXFRmHU4PBB53hJLM-Y4fZYMw,GrandMaster,362,67,46,59.2920354
212,cd0C9xEZQZLSRdQAwtAwmS76IFNdZNuJ85bzLNvd0SErTRQQPlqlnt4SqQpBUWSB5_wHbUIAPKmhHw,jNPJ_Mr0x37K9l98BQMngaI_XMYYQa7QLq7fULF0O-f_9Q,GrandMaster,361,70,52,57.37704918
213,rHlqRgjRJh4GLZUCrLj7LAXTYv9MOm9UZWgJ6xgFNenE9gqGp2Wp0Q-CaM_hHr6DR3hErJij13BCYw,HqlzOP7826qQTgPO3DKCV6ktx1vPCU7AdI0k2_WBZiJooWfm,GrandMaster,361,35,22,61.40350877
214,J4YAMHh1fc_4xR1-SxQs2NrSSsLcqbXQ5621aIFLh9y2nUqW6a6Ssg5NK_GTHQvIMiDa2epZ2yePCg,toU4k1nD0JE2GGdGx2GytJ6AMxwAB-1nl8A1r--dY1ZmQA,GrandMaster,360,88,81,52.07100592
215,nT6KXuTcK0HhcOtoMSIRzjJCPP4rmgoJ0NM5KAkgNIGM9itfCX6wSJ9dd1KzsehmSx1-5W0K-v9qIA,DQCO8Xk-3Gi3_-lUEVolen7ln3tiKMkfq67A_bjs46Pn0Pw,GrandMaster,357,36,28,56.25
216,LsqCjIzSgXWRW1ODgrFbuIV3mDnOBF0Oq7gRXsSlf1NKGmIqWGHJsf-h0WHygZ_WC8Q4bZTXNv31UQ,ljG8vDIp9IMKa3Se8Uf--YyCjPEekCBE5Xuxy7zGOqUKgjw,GrandMaster,355,57,48,54.28571429
217,gLQkF-p_t47pkkgIprc5UDY-Xu7ZuHS3kNYmfOYI3Yx_NzRaEheo4GVIjQ-AVitziGoSV524btz_fw,JnbX_DHvqesM9d_e7b2i4c6OAAvyGIPLEuaM44s5DUgujw,GrandMaster,353,64,48,57.14285714
218,LrjF370WqK4p5GOJQHeaSOBoqPdCwOH8QSqdHPnmN-lBP5nQnQybRfukkiX_3RUJiEsxFlJRVWuexg,H633VhQzzr5L9VK6l5tXn1QQ8R0rw65FK0h45WY_ZDooxFw,GrandMaster,351,33,19,63.46153846
219,PKKdlOmJuL8RKMMh1ghZ0aJ2PnagdGKuZ18iED_Y242QVn3QMhYT-LEFfR1IvdSaaTFI_lPSyJDK8w,w-U8pzZ5b7ftLIDK3em9CPb4jwbTpBbwHHoHuCseKN-VKtI,GrandMaster,351,38,28,57.57575758
220,gl58GTXF-KilzUi3EC_hOvUL0RUFA4APYFCz9i2kkazoqPQy_JCoNOd6cef4fFL0DeGXsrbxzqbcWg,VqCHk8SXB1enpt5ICzgu8jyH2EdqV_5R2TQvr_3VVeRjRw,GrandMaster,351,55,40,57.89473684
221,RohedZaOMRfAPGZL_FQvED4bf27HapwG7Sbqawn6c_nftf1q4wgX1cA8aFYvY9qhfRubbOqL6oUdQA,lYyr3N1dmcdPXWSILPD45LPhW-faQcjmqfNBYwJU558oGWEnVNvtRbguwg,GrandMaster,349,46,25,64.78873239
222,aLNtqkAZwgF0v14foExRuiKMUPQEEUZNdCa9N--i4jZl5zN9hdli0B2jj-AuCzpq6_ab-aaM-kMfgA,5OsllVM0r8UsF8QVw_uIvv0MrtkTBGPBrnq5Yc-uON9IH1WlY3ORofSKyQ,GrandMaster,349,83,50,62.40601504
223,WcA9VchNtdopHhrkB7fprBqZDKMne8RuudrjPCxgy6H0aycx-kRW-fBoCAb2UWth-SdwQs7LV-Ohag,NVPKCCQOy9mmbxEXPG4GmIy1zx8lpnEAuk1ODhUmsI6gS64,GrandMaster,349,63,54,53.84615385
224,iR_qIaZI4vZ98nNITsq-KKGJi4SHH6S2MJhW0Gq9qA9j0Rfw3lmT9Ii7kOGfNgQVoO-VATttDdSTaA,EttY9QOzf3gc0Rzd1rTnmNqp0SmLfXr9Gc6vLkm5N2rPVtE,GrandMaster,349,33,18,64.70588235
225,f5kMIqdWPwUOSMV7Vbx3RGnFZSq2S6k7slTqzT5VxoEp22lbXkNt0L_gwnEFJhtAMGt9njPIgwm1Ag,gZeiLQ94oEEKdP31KDgUvt6po45QYkdGZFc55YtpBvX3vw,GrandMaster,348,70,49,58.82352941
226,vPBEmE9G3v1y8snyx3_KsEsY_q2rxZEsL8O_WV7nnyqHJzLk4QRa2TW4uJYiZhgkR_tNXRe-0TwWLg,Q-cmsLxUwLMYyFAWyEIdRX5_ARWd21aYPnh8jSv7gglX5BI,GrandMaster,346,54,38,58.69565217
227,GiXPWIwF30-OrjUOZpm61HGY0oW9K13THpi0-RvnIEPcTsWUs97Wa90ujtvjdy27XmvXdgqur9-Lnw,s5zXWZCmsJ0i7EKCMFTjzpc7McpXqxWDkpsaZphYjgyMllV2_59yI7do3g,GrandMaster,346,76,73,51.00671141
228,gMR71IPbmdTF_wnKFhbEUarJI_sLuwRefYgbrSegCqErjKcNI-wE06UPf2UXc4yh0T96FgvLKrByNA,10m7GJmEyyvUViLPSJXyUojc13NWc0Z5f7MO76s8z7dJLg,GrandMaster,346,69,66,51.11111111
229,eMCDDd3ux7Lzus6dD4mowJldjkaO9tVdwBE0sJW1oOC6xQIX6-nJzpRCgqdjXGw0B_5iYEWktq6gtw,bUkc5QUDMX2hjLzhd2Gz-Gqn11ebnGMo_ZGfjBzGqC2dZ4pvSsBYKs6Hqg,GrandMaster,345,100,80,55.55555556
230,ph0aX-kFruLisJeOqGbHBSeFtH78HSq-JqG13Dh87-6bxZur-pXUEHG2nkCjkQPdey3TcRPLP2iReg,n2jC0tFNsfNpRFfmehZ8IxEUAUei33NcYlomKkdB3mf96w,GrandMaster,344,58,46,55.76923077
231,a4B_NX_TLPzqkil7uaqIVHmuCaVMvASCDueQbcmxeUV26Qb5JMeCyOKvc7a1Yx4Ukogjb_VFxl0UOg,EWrOv-f0JkDzpZBwCIbp_oWTvbOqD7Ls_u-9eQO2dc6vrrwrqXdLXNKDpw,GrandMaster,344,39,28,58.20895522
232,y9s8ciIvxcpa9x6QUPpSgje4afC9Y8wP14iMjs3UgZFLMRx0Q4hTuRI4c_lI2qeWjwGBATXhUvkLOA,54T551hG8Ry463Myvwz34jZ1ARzpcy7zqnyRytenm9InmA,GrandMaster,342,111,104,51.62790698
233,RR_KTeQtlmJC9aiObpOViFMH0sj9V9gqQ7yFvdWjje4FV3FJGDnxLjwPmajY_9dVhaWIOqNNm0He5Q,ov7Oeldj-XUv_Wd_2nAviTAJeExuYwVX517lNu2lkbx830f25ReyQ3oWqg,GrandMaster,342,49,35,58.33333333
234,IsYL3YvwM8QMb6BgVlGrhwBY_ybOLQQgtYp7Gl1yLkZTy4CQMSqXHaaJ0uEudj9S7nwUvFqTXK3NWw,vOXWD0Lib2hBvEu6LH90O7nNdjheiBov0NEUHkoasqtNKBbnZL4mJzE8Zg,GrandMaster,340,74,64,53.62318841
235,9kk2jo3rmttgMnjtZJhN3z_UZswl8ZLhfk-y8dfmWIW1MMPxPbf8UD_KYk-D3pu0Qj9ar5FSoHdx3g,iM_sj66J6pdNCam68jwz5PPDe9YnevMgh6FZ6d3R1svxOw,GrandMaster,334,75,65,53.57142857
236,tVjzxvp-nw9w0Lxc0tKHPx7R-WjrmgKV4cbVBPTbsAohwu2jxt9wQa9rOWSTuIhquGEIawuMQFgfqA,eBVLGxlDlqY1EyBxwMNYda5-9fND3g55QCcDJtolJQd-kJM,GrandMaster,334,95,56,62.91390728
237,KVMFc6H0H2gJggzxvXID51n-3ycnsUX9p-hvdmXaafKI9G7FiMTlPbIo2DOKw4bh73e9hDOVa95GfQ,vGVbnTUISgc62WeEP57AUstj7P44z5Sk8_PRWzhJR6Ld83s,GrandMaster,333,50,26,65.78947368
238,RcbLp0kOj023wKhJdSKVGBbZqnoVazvfJ2323SK9RhhBLnTXqlF6Km_M1wRwg5ACmPKn_LZgweGsPw,H_KJ5hbKnCBDdmw7P7vJLx8tXc5PDk2EfeisMhdE46KqTMxfEN1tF8xDkA,GrandMaster,331,31,20,60.78431373
239,uivm5pee1mJPP0TUSRiPPtFVO6XOZUoNaBthwKhW2rqZU4vKEeYQn-2JbtR2ZmaKemz2DGHsfh2GdQ,70lSzDXL5L7Mrz_Qsi7mvhgxJpDOG14o3t117Eira1EKKuI,GrandMaster,329,44,40,52.38095238
240,r4btx1HWKjleFYwdiyS5ZfWSEKAPz4KFtb_9qXiVbG5KB92Cwqe_CoyabqoZLVoMYPG2Sv-36a8CEA,Hr8Xdf2JMAlu9DMjYAvUvpOTgNZtPji3GcnZ9SkLBlHs6w,GrandMaster,328,22,10,68.75
241,jVexA80nTQTIsSn2wc1eeTlTZn22EIcbVdR15OcE7ElHanI4GC1E_6xbXGZpwazJ3vSyIfrYHR-EEw,is44OBIHxGhox5s1dUEfr8nL7LCv8X4m_xUsZLPUcHh8g8A,GrandMaster,328,35,24,59.3220339
242,wNsz4_LCO3knG6LeESflCamWMiV7_e_-AMB5sjiHG5ILagnf8rPXjnwrRVur35XO8jvzRrm7PlajRw,Nyiq3ATlQrTnY5NEhNhhqyh1PKb5qDEZNBDNEucayThp5Q,GrandMaster,328,67,61,52.34375
243,Bt3ZFpxKV5fYF_a-JyaLS-OK3-1P7Od-oJGPPEnUMCWpxg8eUAfrIIJUKYZyIjhdFdPEutREaRdF9Q,guNLEoX51XTm6pbEIei7kxVb_cYLstWacDdrPcSPk8i3pvQ,GrandMaster,326,95,74,56.21301775
244,luWpgIoDSDjLrmPFj3E6YW_wzfSorZy_EehmyDAEnKVfbsmfH-JHIUbboOBS44OAbv3freXVATBMSw,qJUkok8dYem58KrsGI4E3Cyu_hdOjj0-dwSVe-09x-XdbRE,GrandMaster,323,32,26,55.17241379
245,vb8OBLSe8TxtZpTKQCEnfZZe9i7xhEAuizbQk3ZBsJzhckrp352VrhR5rUZxx9GXOcLqEi6YK0-riA,JsCPmGhUiw_XyPuDH5_MZWodvybTCIFS0xbgf_dYuXp8ito,GrandMaster,323,95,81,53.97727273
246,7vXSL_dEtCYsfEZsDf5kfLd_7y9lso7rQAXaoI1dHoFPJ6u2yB80tClprmWhkQ8Wl2mfK81BJ6uYqw,wq1370YDM-JaBq5j1GgFrpYOAc7gj8-pVGAL92KGgvQIXbI,GrandMaster,322,61,55,52.5862069
247,RbcVD8qknsNTD8ZxPHOLvBxOtAYz_vrh0hGki_mpzwGaAujdaPhGWEbwuVsEp3XBcPUyxQVI8iwzUg,BgXNcm5NRN_wlWJJ5o-0lC9QxYOhecj3DIfxNBzJMvCi_Q,GrandMaster,320,80,78,50.63291139
248,Fc54Zx5QIEjJ19GGWSKGsehpB3B_77PdkCI6ug2cpgy-47KfHxZx_rij7OYipLzlPVuuF0hcwE1Ptg,wZ5x0w7oZaeWCAePZIW4vfS2WrRGchQBrI7sf6cEAepbbA,GrandMaster,320,67,53,55.83333333
249,94Jl9P8CcWePN6stJGitu0CUfEEYuwYGrnZ6WlKfOwILPFnbIu_vdcQPU9CKtcdden4Vv7dxNp678A,WauHFhWSS-jWsj9ZQGxX2Ryxgc2YVp-inTSBDsO7eJxile4MQfPQWcpzjw,GrandMaster,320,62,55,52.99145299
250,_euiZQvHU0rPJqlXaUwokDcuyzAYjQ5nvpax6W032CeGtbAGHkip2mSnMqQIiaJYUTYWs3NlLSbq8Q,lqUy66CTwkeqbYdS7CCiHPclLWP0hnuEFwADMlGfqACqhWeIG9BWvweZ2w,GrandMaster,319,91,83,52.29885057
251,iPY58Pf1q_IMXUzhBf6t3SHj1wTUK7mnvPhO-51XuAyyoJovCBNa-9Nx7iEdIXVGwHYZRqGLsYc-lg,LS4je64MdMYiPbGEUyOOuykPQ7QuQaKawUnyGv-em3DWZg,GrandMaster,319,72,58,55.38461538
252,DfZTj2-SuzB1goLp_bM7V_mTpODkJzypGQWywcJwdnImQwZqEX9B4YcwzFU5RlRBDlRchw22HsRsMA,MeL94fYzww-6vL4ZThf_1UY_PN9PQunf44f49iS1aWlgrA,GrandMaster,319,32,19,62.74509804
253,BlktB5YYvB3KGLYEw3jrJRAzoGznFoLw87Ad3XWvs8J-GCVNUxOvnRKiSYyZBgbZeCvNLNsZzZJ1zw,lW4UD1IK1t9vs3dC3jqHCVJscMwl81oWzVA_blkL7eKpWA,GrandMaster,319,116,79,59.48717949
254,3n6o2gAjciiMoVlQs3p5jB3uXmY0CJWpjMkhgPb8dDU7-Fwso3huUZZ_tdapQ7GjUEXHlVDkeUWIbA,PMPQOrpVDtVGfNcmS9QmKvhKEn55yRpX_yeZPadgsYp81-5EInNBAwIi4g,GrandMaster,318,79,74,51.63398693
255,b3G_fWT4T-uQVuT3vWHzatMzR2kd9cFtY26Ltx5DZetfX0kxUmk_3TLohfW9XroZBpZz0ZgOETL4TA,a8-XqyJWBh6B1MEao1zXfC67rRNwHlMQa-Rep2tmgKkbWw,GrandMaster,317,72,56,56.25
256,hmalxPgF0-Mj_Ss5A52Kwo-fHH6i7ffmQkjqhYWFvNDF8feB1z6xEoGHpLCiM8JLWppgknm9PMxIcA,KO8AIiH4c4iR90JilU8xRF10cArtoJYbWB6qXtXa2uJy-A,GrandMaster,317,69,48,58.97435897
257,9We8wNn_CQt8vo8wDHtIG8KmIL7Dx75cy3_tXLf9i8a5uDfaRng856B_zMqpQR4V5AkN09daZOyr2A,3nk512OzWfHqkTcy-AsJmlENEtcsIHjRr4OWuQehY9evqA,GrandMaster,317,40,28,58.82352941
258,_tl1hhOquW4M5OcUrS3vK27H2eyuFSD-GXv7bRDFUj0C-8tokNPqSMzUTRBXLA38PqfYiLgA5FSbFA,9wUDMIfEB7f5aIyljTzMdH2viqP5H8Lw2B3a6SSLE1Ffmg,GrandMaster,316,41,31,56.94444444
259,6pxlhb6yGJFbQ_Dqu_7EwbGSpGLmgUayNnmt1GsWDGpNmo1jcW6CO7QlhREFNhI7K0Mu6igmzj_fYA,eyt39LHxi8iQePaYN87qC6t8zY-HKfpCOWWwS6W-j2wEJt8,GrandMaster,316,48,35,57.8313253
260,pxFHwsWmbxHqay8cBi5KPhK4PEx4YfhdZofLLLw-RygKCIA07rOwq-6tpsNsx536Qs6BgXiPb59Sdg,DlKEDn6gCNSfm7cNtjhXTQBKmakRlGqZglzc4poj9Ex5f2M,GrandMaster,316,53,41,56.38297872
261,obZ9368BAp_oYe_ARjrEnW8HmTEjUcobljtoojULdYwGgH51k9fA32Ap7oOKrso7jV8LuMOKetEVeA,HN-Pf_FLXwwziozsr_CoX6O_vf9xtcXW9RUYaOWHp2vBRAs,GrandMaster,315,89,77,53.61445783
262,KKOmZIgW0g9IiTswUvfCqoZiGh_z7R3ZK-IqgpWeclJc-tNRaZSVjdCuV-yNVT7gqydea8jLGmBmVg,qwhl3lwaZibqxGorhv3LNxNouWKDaMhqwjcgIOOOSdbTLA,GrandMaster,313,55,34,61.79775281
263,WGsuqCPI2FAQRvZ8ZDN8sj7X7X31j4iT0ixOK23OOQBO7azALEkuwLCmSrjFaozaLGIFbZ4CDVQwHw,2gu-w6l-Iqcz9wp9F031RNMLsKjEV0XV5vOGx1ItCS_k7bM,GrandMaster,312,33,22,60
264,TDMzj40phPkxic8Jf9lGXxoFu_qA0_-T67lBZn0ImnlV6jlL723pWbaX9hMz7BiCvaE1kqslT4FJ6Q,k0GSI2ImfWXzZXei9jV14XA77utUM-uIdBtvG4EV_EkRNaI,GrandMaster,312,35,21,62.5
265,i_irUIXcEYgIXn1V5gy1DSi7JlqANKlsby6we2v8ZATRQoBXsZZtv2HS9Dr-STxGIc8LGY-7tUoGZw,4LbpfyrJgeqfyVYTmYMRDfOcu_AnGsGbIopaBJMedXdCynA,GrandMaster,311,54,35,60.6741573
266,8RvoW3J5HWbOivib4vPSG3ngdIYfn-13VQ9FsHg1ui-RHWGPEsbc5Alk7C7_lcNE0xLTxWpq6mfrDQ,5t7zkr-o9i2x2e_Q_xZvC42Q4x4PVqy94KszCHj_Xy8vQrE,GrandMaster,311,95,81,53.97727273
267,OMW6bbhD-1Nu3F4B-O7D1tlYAmDQqfj-UmAhpgntSqO5ut8RawrZoWFMFd4-cpAdzwKJw1uf75rfJQ,RJWiTpeSgrTxbcC98mL6KJ_z5O5FLhOhbtzwcrBtbz_v7Gs,GrandMaster,310,29,18,61.70212766
268,cBJhN4hw-gHXlADb4JzPhSqX4EQZxpWkal-LxsyTWe527PIDff8gOadswy3HffVnebbdrWkPrXRltA,si6pOFxNbfhjL1h3ODxakrNFmscXgoRUJqkzXWoJdG8n8XSFG0vJW4DF8w,GrandMaster,309,98,69,58.68263473
269,Iy-yPidqwG3S3K93LHx8CQkAkJ823Yy8m1cUBt_gxeE7oRQTnct19IuLYpqCsT0ndEEXgkTeoVz_8w,9fYQFzeHWyRWa3JUiDvFKZXrr9T4dmltb9ybZMzI3k0K5w,GrandMaster,308,94,96,49.47368421
270,3xjV742Ni97CDEVDQqY6_0ZRU6ZhhZezBKuLRRoyeCqK9WiV6b_J38POlMIfTFlK2T8o8mz0iZMY-A,mqJXr10W4ZOZV5XUUoJdi0447Mzb1LuYBWanb2INnrVOXPg,GrandMaster,308,33,21,61.11111111
271,1q2qeMAc1l-m8xUlI4gflq7tvtFqV27zeD4_4JvYVMOzy7bEwZZECPCbaae6HbICsEyUzfFDo2MC5g,nkcFYaUhCNmjmbvCRxbMqq3Sgp9oOuf5NjZtGpyGX5y9r38,GrandMaster,308,67,60,52.75590551
272,O4sYulke-J5oar3tRPScJm0i3_MQjEOaqk0VRcoKH-4yh1ChXoCRo2ZtZsGGIbXtVrWlRqsHnyPtUw,bTqABnNIVnlGhB5fDXAFKiCFJP2woUZZr_a5A3RmGYtYrWU,GrandMaster,306,46,38,54.76190476
273,hA3Z4NAwLz7fS2ndUwZ6O8fb5Hupz_LL4WG1J6r9hxYIQ3k4vLwZ-527FQgm3R6DMPh_nV43x7A-3A,5ZKl-AF_UdLKJK7yUjT7vigjjUPUTIqATGf330ZOIHiWdaI,GrandMaster,306,43,29,59.72222222
274,dnT8LsFQpMPzVprHzHtz7T15FVxxhJt-YxVIaJSwyOMRaGNFZTcV_a0r4J9td31jXBQ941q-5c7Icg,VX46PEXL97E7J9BGYuAL18K2FXQLozDLkT6OKJGKMa8iY-A,GrandMaster,306,48,39,55.17241379
275,q1gYrpkSBy1qjHyIAToZoQ--r_B1tfFHWJJjqvQCywk50g1zlfBJ_rCmghl9VdOwHa7oldvxo07WPA,3qVi4bV0IEPt0iGMAhckGCSIb5ZsYV8PR4E9LCKCqoJpO7ElgdwIly1lqQ,GrandMaster,305,52,43,54.73684211
276,9rH9Tr5dIVoJdcaxNmkfw12WErRcDfOMNcQ4KG9Z8--8GT7iOiaUz5Q-6xEg7A09pj9kBqXnr8pE9A,vvprqYe9BEXr84rAfqTtYY1U33dr-2MCi9pEQtZEuhOX8ho,GrandMaster,305,48,42,53.33333333
277,WdWk_709JqHtNlHGwmYXiaVMLkeTozh9OAZ7B4dBRCd6ZMOppkjovamhnV0X2bt0Seu1HH3sm4v7gw,prHsHkekgdbcB1SlEvqoh96f7qqD8UaXL96qo3EWZTFNGFI,GrandMaster,305,54,45,54.54545455
278,kKqHrlNEZGXclXdMRUtW3OaaQSUUgSi6ajJ5Sv43osVYFVLDCL8VkkveVUslwz6CMIPD9Ue-BeNttg,oVVqHLr9ciKpSRIH-e_Rz3oBkGTpfGBYEywCs7UJhV4cMQ,GrandMaster,305,75,69,52.08333333
279,rKjXkcclblm4lXsSgSVVFCunBXq3YXGg4Nj09wU9X7QfFzcbfSThfUR1Tg97V-l-WJPmV9f-SMom7w,Kl3vJtvuvOwXDOR4zxi4y50pW9Hpnq-n5fQAfoD1v6cuXIs,GrandMaster,304,32,24,57.14285714
280,qDrbXs8fhONEsyn72u5J0vJrgC9M2swlar3XFwHwgqBxYJBLAMIuvBAA3bxd8_GtsPgdIvOFXxgyZw,zOldDXMgjl-x6UmoVDEX-1LMt75AzbUGlAPNfTGEzUcNfGk,GrandMaster,304,40,33,54.79452055
281,_xpCUDv8FkyBYqwGQm_HLKYTsMzhvvO1Q5HKnHEIjV18lAcxn2Tr0-1QxbSjkVGsh-5HYfYFhI_W8Q,4qQtaIPXTUDdm3uBy9gWm6NnnEs3a61eVl-CaIzqDyCT8w,GrandMaster,303,69,60,53.48837209
282,McG_p1pVutLI1i4gumlNGGRLdeDtm-R2Wtz4lp2b0Qeo7xkdgp6yr4CuJ51uSTetS-xK7nZFN0cdwA,u89zbZ_7CFNNOsfUFAfXGMmJj6j19fiadAN9uGYm3ubiIo4,GrandMaster,300,42,30,58.33333333
283,eLkaUYBnbJGXTFayfwjh4PumBo9HvjYI_KPG3CIowxKRsUn1za21UjpXjAYgBL2taNhmAoTeiuB8Cg,Q67tkstcVHMss-2miyYL9U0IdAMf4EA6B7osSsJug-Z1X8j7j5771DYWpA,GrandMaster,299,42,27,60.86956522
284,qID-08Sa22QrO0K7tLv1bmdUnhtW-wfZoMVeFtmn3tRBYHIKySrvKj6aqO5djtyfSIALw41T04GVkw,qhTtDNHFCEhRFTKj9bCmWW3mWpy_oQpxJY2ocvzR8_bEc4A,GrandMaster,298,31,22,58.49056604
285,6hcDX3kQZZA1Sc4-kk_1Xw69XTwHL_Vd5antVUe4Fw_g-ZFBNlXk4eKfZiKLUxn1xRM2VIYNsI583A,rX6ZatCUsSyoqOySQiCsZ_KOjYNqi8Tvl2ynj7k_vOl7ITg,GrandMaster,297,27,12,69.23076923
286,s8E_ChgU3tsQkmM7AQLsfCF81eA32xD9FQSKrLVAedR1gaV3oxEvOsMoPtxV3crao6Ew_9r7RB6nYw,FUEOHxbgccee52e5KAy3hPe3slx2F8ujktcPzPIMDc_4dyI,GrandMaster,297,58,55,51.32743363
287,2PchqdPkDfzzZ6s9Nu5uwITcYxsBOVlvydA6PEoUVu_OIHyQk-RYGy-XscrfrakxLGHTp_E93nPj4g,5G0LQapc8jJTcanLiGR6PouaVy-wo_jrTDsNQOMzut4K0d8,GrandMaster,294,65,48,57.52212389
288,WYURrl6IJIg9OLXMdfDPIgnWANNYt6Y9nBKTBYmCo8--sm7R_0ei0psSd2QhTch_4IM5KwABVxYl0Q,z9Jri1YHbIEtUNRvbyGUq4Ms1YtJBpULCFtV48ma-uVkRmj9,GrandMaster,294,53,43,55.20833333
289,rUXikhPczYA6xUJkrCzWJtAuLn3RGRNE76H6IsSVKfc9hlzgnBlMIcOC7RpcGkZ8FrYBriztTTjDoQ,XdU02iyU6_NxKs68WAon3W-JyppOQoAgEFlwfXyMpsAugA,GrandMaster,293,70,71,49.64539007
290,cCmZMCRkixcTgfyeUdr9cP5UnpmshZHlI48pBdT9yXB1PPYEBzl5qqNausvpMQHFIV1TG1CDPSB3dg,3wpZoOumwvywFK5iaLYYHAvWuhRTX40h4EeSRMw8A5HOCHo-,GrandMaster,293,100,83,54.64480874
291,BxLqecS_V8g8YKUC7UTz9XTC8mFy6-dH2gBiENWniFwNUnVGTD36sauJ3Hwnd7Gb7cnruiN2Ew6Rew,MolLzRsCn_TxScIemNuFgg0VPMLzxF5gnpzl7DU8JIt7KgQ,GrandMaster,292,59,50,54.12844037
292,TLH-HA3MTLnSPfANDJQDfmT-XQwye5bHBHCsbQ3xrlXHdYEhTlQILM8HnGguJgvxt-RpoKbLsc41cw,yihJUgSsEdbXEKEHcHvaASa0dOtlYCJS-hG6JGsbuLk4J0o,GrandMaster,292,35,19,64.81481481
293,kgHH-KqAd_dSxofH8qMJYgTf0ZVPd3tqN9QvqPmroECwCmJwxz3DfOL5tAms6Q3AapuGmAfsawS2mw,Kxw6KRPgmkZxLYQwjl4TOGzDGBK3RwYCirhsR4tpRU8PtuY,GrandMaster,291,66,49,57.39130435
294,KUXcgx9-xZpztHSwzfZKOGgMQAZrrvZyIO7x8Klw7q62RdTbp_oKAzHg1o-8zQlraRtEOG7jYqxkgg,Zn8vt-Gh843NodyDJTFokGL2vCeDqbfU9iyLi8znKLrlxw,GrandMaster,291,75,72,51.02040816
295,5AtdfNwSfIyKZwnb_wGWYrVKNTY4LPVMO_CTQAyl1T6cM7ycd2JQXn1mohWqmVUMRIkQUmwrebFbAw,8z9QNCk4et6LkXTTqltMw3dlGjA_Tzz25R2EN5mCpWZk4f1UUPiA4Gcs3Q,GrandMaster,290,45,35,56.25
296,tJ3jkIPGMUB4RAm2csaIt2R57OJ3ujeWEFY2N-1FQdFn6e0tFPXLMU1H52NkNMFChJPI0m2BXve0tw,CePuvdXPfTxBXZ2q0VuYjrxT8idxUCJqw8ACbGrBPpyqZQE,GrandMaster,289,36,18,66.66666667
297,bYFaC8-FzAszcTSW_I9jlwYIXrxOTeSQ-8YMZyJmXogycdmBAz2w7va50k_KA6w3FoFon-Zbi46vLA,P1WZ3skjg0k2RFS5_wSt0TOxZB0wWbpS4CRW3QrIER98Tw,GrandMaster,288,79,80,49.68553459
298,JtbI3tXjFK9HD_-czCfVZJfx4nubOtJMO8uvI3YFpoHVhGyx3oU9t8eoYbqzGSHcFxXweVJf7JplOA,hdBKfmiKuve1jRu_QqBMyFj74dq5QjksPsCkgA9MBNnIuyx7fmox7tZpUw,GrandMaster,288,49,12,80.32786885
299,XJS6lLJOPd2YpOI_oKQCYE4bGWP0biwq6DnX2DC1mqflHYIjlX8bY-F_r80xqbkWtrIaVp02kMml8w,EX7mqhyRS_KgSYCUXF8t4JAPg2fDOecuJYWwmq2ecTkw6Q,GrandMaster,287,47,29,61.84210526
300,zjR_rfZfRsLpDW4uSeMhb15nSKFxR2l04UHVSRv0PTGcz08LuFXftYYigLLZ4qaEYKyXUB9i-vuvrA,m1T9qneRgYf0sDQEf81YHF1mJQ5iyuaytw-UGSbqSh8chEk,GrandMaster,287,62,59,51.23966942
301,vd1Oljv-AAA4YSm1IkGW7lX-VWjq040rniYHo725jGaTfUMESpNqGNMVGBfNDoDq_ND9UjhsrsZYkA,G8_ChgsKqUm7NOyC3Pla_aoCWokPZSGfULpXFPl_NJOj8NI,GrandMaster,287,32,24,57.14285714
302,QEwOCuWqAibHOCWSC4ywnlVfyyXDn2nTYdjz7XmsAxXu3Bfkdv_EjOIMdE03tzcZMI-Zp5L0R5EC1w,evv-Sh_OUXv4kDAWjQNsdjpoJQ03w_083FZIFlQY9seh-9w,GrandMaster,285,28,17,62.22222222
303,2PWeRor9teGqo1nv6BiiaSWeOm2NE_TMMgzii0g8mbtHYcMkLyRxrDupdT2yeUqSA_4Y_fVrcr3RUg,9VDciVSK8YmBbX2v1Bmw3TsGks_z14-dx2Y8KdLg5qkt9w,GrandMaster,285,68,64,51.51515152
304,yvcqZBG-cBK45Vgshk4LbL-fLeVx0l2DCzg_tnwNlX0W5r7fUSdOyS_4Tb2O_qrC42sVcho6B8unCw,m8kRe9engTKRX-WR2-jT0SbLoPwuUXzzCanwNmKYfvYwITc,GrandMaster,284,59,50,54.12844037
305,dEQWT8wzW_QVhH7TtSbjC4tWzI09A_8jnrLFBaMi1NxxJoFRj67I8F9unEshUtmHEYL9ErfR938dNw,8zgMqrUXD-KIWCFRDdkpSTTLoT2U2718yXZo4LDCR_biHSc,GrandMaster,283,34,20,62.96296296
306,tQui61c7_SwUXYkY70LmC4jREhtF8n3ehUrqY9u7oF0tTv9AA4FEY3XZFGANGWjJQSkQC_mkskeIDQ,g3XMwz2dwJ0izw2brPR8X2OUPeh-345QCEq1MWfYwOmttw,GrandMaster,282,56,47,54.36893204
307,5BdsHY9__mIS1zOnTYTBISHCD8rg3x3Sfx38V4SyMuN-ZVrSS9TdjkfzGT8KpCqCbSj8fH2-Rs1tuw,l47OkRAB-48LBAQweCgJQ3varzc4csrJtv_E29MRgUPB5Wk,GrandMaster,282,65,52,55.55555556
308,QcMZ5Ge-hcVZmiQ7SXtXhYRwy22CI1vSOzCY8s-pbxO4Eu6LQHwt2lrMAx2lc699QNTphyXM6vTPGw,ZyMx_v1lILGlrzL2kpq_c02ZTLhu45Qsern0j3cpFEJ7Dtvu-3fGDC_GUw,GrandMaster,282,36,24,60
309,KLvFthfMdbZSrSlBEovhA5oas06xJWXhCLIrZOOu4uOeIj7OIImedwzBYz91ofC7gB4byTB8KqaQew,NoCqYhwQR1kpkfJIoqQ9wmMgn6bz8NVNL0EDUWU6CLXguHP01vK42-orZw,GrandMaster,282,49,38,56.32183908
310,HL6MYkXh2MgaJ7pBpse73Nt1wdp2Knc7ga_ViL9xsRC6CU9juu6kwf0zqaSVFmyepzjfszD0NNPbLw,xWYUqcP_smdB3Wt-4dcktw4QJQEtstXb7AEx7vG3D8YASQ,GrandMaster,281,18,12,60
311,XoDngthLzDZGkJDKWQ0ZwU_oHB0QKb1YUkJvOKaon4vwQsIx7FQkYqHXnc4K2wZ7AR_Lp4ntXYeMYg,ca7ysjFwN_1Vz0n3LsNrY6GJDyid-AIpeVASq5A5sAhvGfvxX2ZWb1szgQ,GrandMaster,281,38,31,55.07246377
312,g46o6Xyxu2c07VykEee553UqicR4mvp1H8Sv-nKv75LmP8br9E4sLuPw_mYfMTjosbF4iWs4gU_WMA,zpwA17bIMJ-FPP9_UkgK7zpaWnWvc5lXnuW6rhfrlhNZMH3Fss54r_uy-w,GrandMaster,281,57,51,52.77777778
313,s--ykodfjOjAOoLW7B9RNzXEw0rM-sK5ARWlD_lIQQR8DTTxF82r4R5rS8r_rMqXB_JJSssluVSUdQ,MMK-qUlJIF4P32SPB2tJfBOAKGcdzqz9wO1oiPdDxQRsGw,GrandMaster,281,27,16,62.79069767
314,N3H47cHLCZ0bCeVSHX89neZl0IBZCCQxLvXP8g9r1fMCharGiUExnKyV2vRgN5vbT8RhDvpCT0c4IA,khYrmeiW7o0FhEQjEE9KioFBjRVZlw83fPz9k6vB8rka4o4,GrandMaster,280,65,48,57.52212389
315,FHRewRrbreRfwvXAnN8Jyb1s-n6gmwKVLD8qWiQs0tkUPSLqdApNEzjq3h387b1igl9y1oune0kZXQ,4E7NYBeqeB0okta269TsW-NniOSiZ6xlsqxspignBCqwg9z07ZIDZtMcBA,GrandMaster,280,38,32,54.28571429
316,uQ29vyHwIByFBYBmBpRWa5ecwe7vdjaUZFwEdFbqWChWPaF0AUeU95i2Vq1Npzcl6V3e8fXdPVWbaA,rgf6CT4b0NCPvIFMJr5JHBbWw87jyZdYA5O9SvOUQPP-pKxNA3nqJ2pm5g,GrandMaster,280,53,38,58.24175824
317,wGNWx_mbBf4dD_GTDN70HoU93QVGm2SGJPB75qPxg3jhfGLg9lftZl5L2JX0H0lUc7-Ib-ZOgBZnfg,A7tS1UsCNTU2me27uiiz_HeWKAmqirhPkGdNypwlT8lb8u4,GrandMaster,280,101,98,50.75376884
318,t57m5sOAzIHwMMVsF0NTy0aiRi01ishaqf9LRfb0VibamNwviFn9gMDRugPFGg2qLM8FCzy9Q8uL3A,98QPurzSuJFMYh5jVJbVLf_SyUEae3WqzFxW84W_BmH_ghs,GrandMaster,280,39,34,53.42465753
319,BgT3nPQNR52EFYDhdg_PNUNlVzDlTpSTKZmAja2jLlywulLog2e4_jnkziFhNbm51tL43F1p-aXNjQ,odaq0qdZPjBqFqVcECBIr5NDCp_UTWIHjE95VBTUU-clLrs,GrandMaster,278,63,50,55.75221239
320,uWrfIU7t6T1U-r5i0kDE6emFU5btJEQj2YLoAKXMs0Ii3OjP-Ki7SeaU13T0pVdj5FGVGT9JU-NHDA,C9KQCdmf1JDONRM9gez1XEDUcxVULL_tehyWxmPQCjFJMHw,GrandMaster,277,48,27,64
321,L2mQcIPXMuazy6Rm0nFYL0s2QdFT6Zml0FGMIiNjkwiKISJT1qFo-XU0X9C8fiexb0_PV1gRpMKiNQ,CCg7IEnzjFWktLVZKWHcfjlLTfH1FT5uQ4TV53OoH5Rv9Cc,GrandMaster,277,64,57,52.89256198
322,plOHTp3pLmQJCAnw4-eRhnsM266Xgr1tzuG8SZGUNx5Y2D_qFDMjaPf1NBdnOVwFzTGSOF7VlWn-Fw,MmZcxe_af1B8oBaoCTZe--MRcdFEwbwJXvR8mv-qLDtXsQ,GrandMaster,275,93,89,51.0989011
323,N7H_4LZva9f4qpPv7zC9Df3xmPud9PNQvz4TPfmS1r2PMpEpLrAMY7rAoidASkseZ2mnIxyOMGK13Q,K2UuGkknREBxwu-_AbAn3h15VgTffneCvv1V6QdCCGtOCg,GrandMaster,275,87,76,53.37423313
324,jUu68k3U1zbcg8mzoe4P8kmDV2foarxyAEg_5xtFoumYbYAi-Kv1cv-VrSW6UWNKxg9MlIE1azCGTA,BqihoY5tgDiZZYEHOZetzX29lLrzWxkGliPinQ66IsbACysQ8NMpCqblGQ,GrandMaster,275,26,17,60.46511628
325,u4wCu-VF4rw0tUr5r8Ek3D6RkUL4IlUHFfVav0CHGl7rVLCU0Vl6bHtz_FpGi9xfmV7mt6g0FXTnag,WnF8fzzDPsK1Y9OfWva3Fj5bIhUxM-uq5Z14Rubklcf5csjhyVU07mVjxg,GrandMaster,274,45,42,51.72413793
326,O3MsGYBEtRuZJcVg29c5ZLEwhWXAQXfjgbNXrDrdw7RttOSI-C_BS517NJxESvBpyJvgi5-ULPqSYA,kFhSub0buf8tBj9y-YayvflFWojS1CpegIitbLsMQKHq2Wg,GrandMaster,273,43,40,51.80722892
327,7mB4z8h_gJDuJzWvx8HGh8ZVjAx5Y243ypbsIICx11nBrfQCUt5b_fWgNJQLPdVWMew43S6QxsAvhQ,7iX74JdF4sGJhh0vfoKyEYc8AF24CINNOGwk7YwAUKPF5w,GrandMaster,273,57,44,56.43564356
328,5RpsX4eV3w4yaGX5bx9JCQuMgdxk9zZU8SZ7DUFv8fQeOSuJ8dbrry2T_RmTPPbztOZQh2gePVEnYg,E_DPIINwYMxmoHo0Pi4CijlgPoMWjwxhYspyaZdFMOEf3Ic,GrandMaster,273,24,16,60
329,_VgMSvWuyrzzHCBfmaZAKIogkF8xqWBwGrQivkFtWf3jA7VN7W_wiuQUMWudCOIdbfCbhWH05Yr8gg,8Rpkio8uxDFPygC0xmZaxBw5bx00BiAGF5FBlVULj_cvkeT_EFkR0jjHoA,GrandMaster,273,53,43,55.20833333
330,rFFulXb0rNurwYPlolUxBsTXDXlSLHXp6MqE368V7BU2KLYNJqkExWx_tBDqkIJLV-UVrUyITb588Q,Gmuhx77awv2ZzNrMpOjPORDO_S7a-K7paT0gtz3GsLTVy74,GrandMaster,272,44,38,53.65853659
331,4PmTJ3S1guvKeoU8GeRXAN7zqAJrK_qmBcK380c8LVFAQoxmf66A0cs02kZLEiro3m2ZpAINbep2FA,rykKyTc4WMVzHi8G_4oC3RMuNJ3nAlGtNsc73lpocSNCoIM,GrandMaster,272,70,59,54.26356589
332,G7OIy05rDGopptWafGn9hN44VQkpkMDnMsCbrY4EU3DT3l0gCGI9lIwxS3l_l0gNNx6F_THr7wGOXA,g8cXyREfzDLYDDIOKmNkvhlUM21HQbu5m7zvb6b0Yj3yDg,GrandMaster,271,48,37,56.47058824
333,FcNKGIUK7sv0n1WeGkap4MA0yjo15YOHEiGsYIoly6LbV33qIV1_-AcvTw38rYcm_EFcYo9YIFis_g,BQUYN4fMgq_9LK--tGcnqspKtgBVnIHX_YHBdo2NE-WMNtw,GrandMaster,270,63,46,57.79816514
334,SU0mjd_10p95bsEAL3Rqk4eQ2EL-p4sPBWWtyAnhry37xXwfijwS3GHqx3YtC2PIGRmGg1ukQ2WanA,de6oQEHiLRaA6uVbQ7shxl6yFuuCW3aMvCI0834qbuUUgq5vM20Kbm3lNA,GrandMaster,270,61,59,50.83333333
335,bUr_geee8m-Pz1D2IhEd3JAkbLMCJXkOoqfl0qzwlUqGvQjF7-YUdG6BjwJdtVl5Ap96xR-QKjj5qQ,7afwBae_slvLk5RDRza4jSTWq3mD80UsQrjGv6NAZ6HwRwM,GrandMaster,270,60,36,62.5
336,bu9NIHANVRCNqA4gpAiOJeidf5UrPyHnl8hA1ODz81FurPwTc34xuXgQYJo8gMOZVwyOU5z4bcqtRQ,KvWx417FyLEUrCcbTFJ2gDRDBdPdZjvEx7K3XoYUpPEB1Q,GrandMaster,269,47,35,57.31707317
337,2z69MQuTnViGQPj8rzXpwkO_pGD710qy-6ePVYAo2v2krYzU2N__p1la_CYon2gsJ_-GyDd4p93Vzw,tlED1YQ0tJ55Gm-j1jh9ExLJq8Uu4Irt4UV_LEB8T6UWFg,GrandMaster,269,69,66,51.11111111
338,vrYLVkejuCaFAy8ddD4s9x-STsclPxRZ6W1xM5NuEeRRsaOg3Hbch8bNXjSL8aMWhr6CtPukmHMjTg,7Ynasv3lgg04upptjq4OziSa4FUeX7y4UKNeuVnvGjcdLug,GrandMaster,268,50,42,54.34782609
339,x7N7_-Rrmnd8zJWfKj5du5YTdTm77Kq6Tnt4Ck8MitKZnwGgPvVifD5feCYN3oVSFCKbS0eK6cxxLA,v3Hx6vklIz_Iwp4ST1-SbVIFcppmRnnn530YWz7jPRFig2Q,GrandMaster,267,72,59,54.96183206
340,0pcA15vjzlIwtDuGgBuCtcEhKXrGUWgyzlYm9J715Q3ogom9w1d_rt3XSezUba8mv-oES3dq_IKqzw,z1VBX7_quwWdCaECNc2-PLUPWRG56ZZ8zZ2mWQ7OfLaVew,GrandMaster,267,60,57,51.28205128
341,zH4IsxBnYML64of0PSHRNqkLmy7KX13KbUglFGLHagYaXMMiSSL18qFPCAvx9z4ocrCpPBHluVFcfw,D5J76ABuZ5tfegpFwyg_mSWUVo-yyI4A9I6nVDyecbp1mTc,GrandMaster,267,24,9,72.72727273
342,ge0sOWzQgL3nANb5oBHQoXC8PX9TA3w9br-15rzTGF34PU1jx_LQv6MDQ0YEq8HNeIAyKiCXtn13TQ,HjYvbL0LvvxLjDIKMidepCxCp8qi2Reav7yA-Ib7bL5GvDI,GrandMaster,266,76,68,52.77777778
343,nzhrYb85ftbCAJQqfJWa1yLyQ79yLOFIwPwKQ6gf1KAyfV41lSKFVzy2CeAmQSNCSJzsVyh-EbNpFw,_CpPRHv-3uQUqwzcAR1fovA3YsM4OKkW8SNZ5vC4A_MgfOY,GrandMaster,266,37,27,57.8125
344,7c3OTZw2l8QVqAfc2GCCGP5t2FNMaFPYWHwV4rYjvwsslukZ0_bLc4Fj6Ug-UvDxv8uC8xCkro0nSQ,uJ7PHP5IPXg4QSPRpq8J-ly7ZR38uno0abfDYcSGy-44rVM,GrandMaster,266,103,102,50.24390244
345,0I-13rsI0nNAurcfDbpHXeLrYkw7QKk7zz7o4-J0P-lUedxZA7A5o5zC3ucru-73i2Y3d31tvc2Vvg,mZpIP-rT25TNBVJe3G-UdisaujA-txi2rJclfAPo3ytVMcU,GrandMaster,266,74,66,52.85714286
346,Tt5wKV48dD50uZtJdPqcBdZ5hcWfyV_0UuYRBen6UhjkzMQzXrzFK5nF0Mk3Yw30a1nE4vT9WBG_fA,cRqKIu5IIuSNywS3X1NfNhEfuhofPlv6634xLgmoQXrx_VRug-Z1tdgV0g,GrandMaster,265,32,20,61.53846154
347,ONWMhaOImvS6Lv6hbKZpnUlO_qQcb6BujpxyHcFPrzd_Ik7T_HO5YbfSgSV3qfdGnUfPSAfRrt2Mew,V-1LU_xTvFWe02JDROv-uEq9f7VkMtJyzYFZTKSn0yqP3IA,GrandMaster,264,36,30,54.54545455
348,t2SG-E7Ik4DV52-s-zsFXHONuu0dlyETJmG48Njja-9ix5rIm21RBooayPJR1OiIMxFWpx5_4uX69w,jpXVRC4X9zP3sZfG5_jEAP9qFaroLOS-n37jDcuR64p_MBo,GrandMaster,264,48,31,60.75949367
349,GUn9_81zM09Qgj6j-m40kd_yzW5aSMqskRgKyEwYUgdfXz5IV1QrxncYMiEpJ94O2wMkYvVtX1ssPQ,RQgRfSIIrMftRwfKCv9glI9VfZqYT0NjAJqH6tNGfF2l0DbUNAh-jzKidw,GrandMaster,263,71,59,54.61538462
350,xvLWPez9rPnjmVrrEALpQGUU0ZK39IbIGOXkFNvEsXxpP8WvOb0-udVDUviXi_yv0-FQmoKzP5myUQ,ww3S-ChyrJQqv_MVWgZkaYFRzvbYfnIPxPgw0iCOt0ZMsAM,GrandMaster,262,56,41,57.73195876
351,ZcvyATOeV7j1Omt4imgUd-HqgWuhn-XNZFazcV2GxsS6U9llODG8bf1ftQsY67MXxrkYvly9CtveRA,Z5iETQKRdO3uvRbE7caLsG-_OXEMnrvLRcb15EfAzFqRug,GrandMaster,260,47,36,56.62650602
352,R5Ans-LH9GlUlvA1seLaXgeV3dtb6AiIIieGrgxB3CJb64sdxkapB16axntmqq3n9os4EOzn7Q-BNg,W5-pGwfYwMySOWbUrJlH4wE3z_P28fZzXZhMYf0jFs_sg0sGFKVde19hlg,GrandMaster,260,50,23,68.49315068
353,liVc54NGvxjI7v26-WosvdRhyzOAkwhsYy9logNM8hPANoveopfXUjjytwjOToYlZXu4zC-D0H_xxA,RXx928c6zXjJBecYY-_6vPfHDFqS7ofL9n7lBUwtTlu1ah-e3t5gCn5MIw,GrandMaster,260,85,84,50.29585799
354,nN5alfcsOf9owy6jlIL4kAaLPsm2FwWoQ6osbvyMv7z2BPWAP6RDJyVQci52CQ2nHPLJuGzFX-D7lA,b1AC6k_Uv-85NA63-efhP36QglHKmiosAtLNx2kCNlYPwtM,GrandMaster,259,63,53,54.31034483
355,HPk-Szk2nn3ewmrULcQtt4aN2xXFTjFty-bn6ooVPBoPxFxaQ4gKa6I7ImHDA1SMOFHVBsSyoo2vAw,ckHEcXV0vOh9jwm8FquHHVSQ3oeiMTulsYrPt633CLqxJw,GrandMaster,259,37,37,50
356,gGA-qOthA8uMZtRFJKnAwQA33hkJGm4bYHFGYVLjqssfX1HjV0b_QO4-GiotPUzWTHw188bam-EtVA,s4QcTMkxqXba49spWBFhloVXc-COJKhIkzSM_U_lRP-c0A,GrandMaster,259,58,46,55.76923077
357,QPzvau8b1MOTKTHX4sdBlhcw3fSwLbj2bs_Iyz6BjiMBg6slbBF--AzMyh2H_qWFfsZWvXBc1Sa5ow,kMTmviJ9PuMMfsxvtitnzoL-ki4zwm0RXR7vuZBmXcKGhA,GrandMaster,259,36,24,60
358,q4cTAt-0Xvudg1oTq_EufmPYG9QFaLFwK6Y9lwMSaXuXrMlVU1q1sC5F_JEZlmwsFmusRDPJSlOI2g,xZmidFIswEATUMNERRZJMlHgcmeRmY7LHYhmIPoHT9eIxM8,GrandMaster,258,57,43,57
359,y7RzMoM1xNOOQAdnbYnJ9A9gCVkbGMFYgZsHlnu2YhUPcTw7Q4aBL1BXmzCHGFf7e9KzjsbmGhHkZg,XxJ58E385S3h6RW5V5s42dPq39tVVWkGsYNMZ_UulK0i44UdhwFqbP21SA,GrandMaster,257,27,18,60
360,e1gFThC4s_fGhdHZseuFhjrxeHAQaP3SHoiHFpU0cnBgUmtJV56nJ7LwxGIi47M5hwa8w-Wj1qJd8Q,3gU8Pm7vT26zbrRsx2briljRUWzV9iMCC9YZ8WIZrVqu88Q,GrandMaster,257,40,42,48.7804878
361,SRL87aqWXry-FDmdNZ3xknB-8hodOsKtGUkt5lIHRKmi2xgzhvE0M7elQfEebxgdmaPIKDUKIfRsRQ,8N57y9AkrqzEaJUVXG2rTFLKpeKTFrVrfL-1p9JMFl4b6Zt0,GrandMaster,256,25,14,64.1025641
362,a58HvgUVPSlHuaPE8Fj1kGZ5nf5Cb-M6vaxdbd4hiDXVUB8Y0SmL66wVZRzMYQf0e7SUaABRS3bpEg,EDYPI9rYuGrlrgwSIDRF_Nfq_-FE0vU79D3o4zmrgz-A0KiyOpHe4OVlXQ,GrandMaster,256,51,38,57.30337079
363,hDdY_N6sNhkS9EuXzWg1ms6X-ZjweUo5GGP1xB6tDVtN71NzqFnJpfw4sPAI-w8R-Y-AYiC_tJx2eA,5i2lPxj6ZoFbsA4eJ8ODrfl-a7pJ2uSuZh7hqKSZiz7z3x4,GrandMaster,255,50,34,59.52380952
364,xhFSvcsgy0yyCKsQ2k3PgkIx2EiOnOLrioKnXb2Rww3VVjffKG6a1g6KHV2FpW4iyGrn539aS0HVAQ,LHnmxX-hTNtxIYGTp9kmAAnWzOE0pr4mH3ZzESjdIWRj9g,GrandMaster,253,33,20,62.26415094
365,6FW_dOSqPju1Vzzqq5eI9PkRx5TafGJy4qouBx9DszsBGYaWWUObc0qsdhAD7RXYKHap7lUkKLmLyw,TL7zBC25IEeno-_ViQl62F9-Cycl3fOeRq-fvcd2r9ePQTN4,GrandMaster,252,75,73,50.67567568
366,PjXFYSEVdPxjrnnVxnOAEzbwWJbVtwo27dm1KGeIgJQFjCfsfFXBp78b61-wY7VTwxj9qYb6IeM24Q,bXRyZpAiPNJzJeX48Q4fN_b665-KmXUV6g5y_wlXGzKN4A,GrandMaster,252,99,88,52.94117647
367,eT7odDzMfaY9gXg2R2ZVgaCLQbc8UXWmy56uN0ulazYhHvTNEcLGgQOe8HbO5SH7VvtC94yZxoTd8g,D9chj2bOXgoYuYR5FDBGF3k9T9QLJgiK_jgK5VGVxBCx9k31amdl-pZ3Gw,GrandMaster,250,74,53,58.26771654
368,m5Sai_UKZnuFOo6fwzDybqbUNjltllty9ApMKTjOA934JjN54vGwN2NBQmv3pYkiM_gtjg-iWRC9sw,Uzk4-0l-QikcoJNJb7O865pXnQQ-V4SbtNfKj5BcK7FUuXM,GrandMaster,250,58,53,52.25225225
369,88ehXoOglcO785IMKWlcjfJfQEcxEk7L-rmbhJ1-Okeot-8hNNuWeQR68B14AFVN-c06YQsTbQmCqg,GY6FnBSCf44zrHhx1plV5xwmmSKRXjS6Z--pXF9tLr9uKCR63bRLK1PMww,GrandMaster,249,31,15,67.39130435
370,iWvII2IG8jqrsypTs1dcjrrF5BUBp4-HgXpzLfqnqyTpT3pz1U6qaAcoYn1gYThz9R8f129J3NZZnA,YuLgm1BAIYfqZ3eHk6S8Sj0gCZE717UDc9KgS5ytS7zJAQ,GrandMaster,249,55,37,59.7826087
371,r6C8lnI1L3lDRCOUt1wcVO3dTN-Fnuj-Vtw3sqpGYVdw5D7bXlj_Rud-qpms-GnMQy7rPJJyoCZ5fw,79AeQGDv_W17UKgQf2LKifDTzXOEHlv19PgLTUKA7aXsasBrKnRZ4Q2Bcg,GrandMaster,248,46,38,54.76190476
372,EMhoXlat83ESlVGVRxWlQJOBMTcYCD_icYpRUMqtkZkIJUqYeEngCONG72kClW_upfS_5nbdLDgqGw,VbpZmxoxqti90GV4iv1d6Qba6ZVm-_QLg4JNroNHxxXJVy4,GrandMaster,248,42,33,56
373,DyCfE3lSO2J6RDi9lzaghKBUFY_9umPvUEeVl5AZzxz7Lu-mcl8i5AM4k2ga5YHzqcYTW54eFrnouA,4icQexJuteD-dz7M0rI7hD-ZXn9SV4zddjBOVKCgdrfvGQ,GrandMaster,247,36,33,52.17391304
374,_UXpivlEQaXXRO5erFFtsJ5SGjmUDgQHz_gPwOd_5Jb1_PjLuyQs4rDbMayJERqYQw-VzYls49C6gg,8YcV-4AYw-hmgEzTZGCVspjRCjjWAX4D9WJ-0Sal3fSn238,GrandMaster,247,16,6,72.72727273
375,gysABTTmIMMiQ0e1bijB6FJoO0gO6BaE5RqHvKR8MU2NEcdMmm8l1MzKjn3RuCA_DPmxxDIJmlBlsA,OHYoVscoxK1S93xojgLcwED1jNy5-h2hLF_y_JomhE_U1Nw,GrandMaster,247,61,49,55.45454545
376,USdxH3ZMj1bsoqHConlWAp1ELW4aQn4B0ZbvmCeNlcLnFGQFmh2Nrw_FlLXFDwk_mSnJ7SeqMh0jAw,QjUjWrMmQ9AIMvsTSrLc-SAboq-fLssSVCB_fYoIzeVF1Q,GrandMaster,247,85,82,50.89820359
377,1Ijk2NVwU4NZbW3qMGQrfGIiLZk3b2ew-ZuGQkHJV8oMEjxRMN7LvCliUOTCqPgYEO7K2Ry5r0G9BA,2GgF3Qb1G1nHHYBO7doiYhmhaoD48orzNLWmRTNCaumlog,GrandMaster,246,47,34,58.02469136
378,Ba63oSb_e5RxzEm--sKS3v9xlvfd470QcLEliQGqDNJkqDJ8JjmlgHWiRpXM5zkDl4HAqNftOma21g,siMdYBa4x3m-GJdu9lqWpH30KD62DTz7C8uIyFIklnp5Eg,GrandMaster,246,85,61,58.21917808
379,4IW5pGDZ6JF7j8EQhxOjBwsXPQKkrWJedSile5KYBj65sYQtCpreXJzbzgIbxh2wkj8HFH4rwK8gdw,otIqrD6vaH_IKcwsL1516VfRLiOTACWNLnR7GTDERD2rPQ,GrandMaster,244,37,22,62.71186441
380,NtbRlmh7B5e5NRAj_g7nUkPgRvPVgDvjCpJxW-ySF5_cFnWjDqHVckUoFbbXSRXItrjKnvJXXVa2-g,0pj4TgdHeZLghPwUS1kaLPTASXhbeOIhVJH55Dr1hJgOrqZNAVzQlS6MGg,GrandMaster,243,40,31,56.33802817
381,FAVNcJFXS73e6Q6SjxXqJz2rygPTJbw3sc5ue_kMhuF4BRSzpdk6KXaoVnQMNrKRP_6uXTNZ_s8akw,JbjeW3aJ0J5LmONW_W2OWzIkxpL3RHASvPXsVuX2Xw5sfDE,GrandMaster,243,40,33,54.79452055
382,pKBvDQj1fUIbRFidck3WYl56YVHrgFKkZ1Ru6-NRMDH06hyz2sds9W200fwJINIGkFvWxvZQSb-a-Q,pr2Wo1ve6_crS7_H4xn74N9_FOWEOpGvoRWMhzU9oLtUzsM,GrandMaster,242,36,27,57.14285714
383,suw-Zl4VEQsxGPcdHBKPw4ISqzpzS2HJUvfsIlRA5sIYjgApeXGvo5SxoXomLXyLwni5xpW9pvpg6Q,8sTIlW3unxrxsgsRV9bDF7HUjhNlI-ExBQYuO9wDLIJYyQ,GrandMaster,242,37,29,56.06060606
384,qnqqUBnmCz_pqAw9H5hpv5bE7X87z8Ik0P2H3M1KBrTqI-ydqh-hXjJi1kYC_0iVI0QiYqeJg0nyiQ,TyU1xsTzuWPjnwU0ri_BIU-NuZm3VuPep-IOhUw5shdGj9g,GrandMaster,242,49,49,50
385,RkBI7fh7DxcJUhA93VL_ieeOc_IPlokoYBGlioIxLtc2Fsdrg90spY_DFS9pfSM8XZgC1ZWmh8Ap7A,Pmkmn6QLgNd2LZDP5qydMRvznyES3p8HqMlwsmNjFpKKCqY,GrandMaster,242,27,13,67.5
386,fruVp8l2zpL6iE4z7YRhMM7GUGjNF-epLwOofD6QIg25UOEcsX85r-cPSm04ydK-J9TLbJ6PRVdcZw,R2s3k_cfMf13wZSw69WQ-PhRBrEXINhikRkyVFDvRW_93dU,GrandMaster,241,68,59,53.54330709
387,n-rkU6kT7hreetXZTzrn-Uux46IKKSqPvXFAkqJzmDtyYxEqu7V274P0ci7cCG4ZLcxBq0I2EhQiOQ,liUAssRhSSo-8Pase7lEGMS0rqDneeMjiq8s1lYaUmvJwg,GrandMaster,241,47,43,52.22222222
388,bPjiZMbg0IuBUa5V2XApOVZNJYp8BCz42iyFqbfq3Jv_83sPDox5MPUW-WktkXetdQEH1_KX8HONug,KYli-exwxBXZ1wqt0BeaO57RrqIGaq_-MaRpYKVuHIRKN80se7smOG5lUA,GrandMaster,241,82,73,52.90322581
389,IF1NMd-OZ3xbt5H-lbo0UdPUBOvGEMZQaTC1qb0kODudexssxEg-okFGlS_vSeNEu7tk5RLelj4QpA,LPh-hll7fEBdbiFrXkcv67pC05Oy9Ile_EusECSxnXTJk5M,GrandMaster,241,29,18,61.70212766
390,35jIFgQtdqzCMhaRbBC0-a4RMnaSH61W3I0_YSUBzc6tgIzA1qT2ZRxLio2OjiJz9phZSln6HI_hGw,sdre0_aiyHGI51Zo21E0I3BKvVi5Y6ZTRNKKAdSyV8IQra0,GrandMaster,241,52,29,64.19753086
391,CDZfcA87DNJR6RmElOyIn4eO1eakzG_x_ZLcqgJa9hjWvCy6_bubn7St7B74RyKVviozn8FUnA7wng,_sr-RP-igkP5A8xAhsCn9xkGyaHhvGKXDVdziClVa95yMcM,GrandMaster,241,71,60,54.19847328
392,9xCeN2UKROqzwX3bQTi8g88AgZs0hukx0_yKdPeMfmHlyXydWVzoEbOUYvf5ZwkA5AlWpv5h1bc_-w,mq5xGNVwilVrwG9gn0KiZPk-PFiy8mvDPnxy55wXH7cE0A,GrandMaster,240,48,33,59.25925926
393,Yh3887P9kKJYMoYexd92pMZsKS90rAtaCLWPQrGtSTVcejsE_zP07_0ZOEAjn-APWEbfqp41l4LWMA,le_T9PrGa4JmYbgYwzgydKqommjMixo109-HmlumHTaMR20,GrandMaster,240,42,37,53.16455696
394,1wbI0-TCyTrvc9NYTCtmdOGhf9jckQPvbtKUEVaKmj1i71iCfxUAfNna2zGUK0yMZuIrLB61l2moDA,O4p9NNa1_mAhEitA20pWt1WSZGheNbG_zXiJbUgrv-k4tg,GrandMaster,240,103,70,59.53757225
395,81r_4Mo8P4ihymxV4U_-cnQ0duqUnsqNqdanYTC45wjYRAB91SNVubKXGQRZcAp1k6xWbMHb3f3nNw,NUO7AvAjwR2Gl96ieEaO8fCxYhqHg7wmSTUGooKibQZtwCE,GrandMaster,240,60,64,48.38709677
396,M5OiQfR8R-qHt4TfToiMT3Hkahbe_y41-kqBpWcBvzsH08uKiGuwYHxM-0mMImm4m3eMdVnGAhdYGA,q3AYE_zQc_lbFZ3ZRXNjceUr_fiC5D5DA8EAWShUiBk-Ng,GrandMaster,240,29,21,58
397,vzd1Afq2SRheI-hXElQX5nCWldKrN6rhoKwKXYaxii0-xmjkN_adX5u3t-pYPx8ZnmZrZgREtcEAmg,5J-j4nKdE6YkXMZJG6I8wPolBjt1NSHOwXCx2ccO81EByCM,GrandMaster,239,106,104,50.47619048
398,4wLuZ_PVj3b71WKeHhxpVf-EbCBZTjNHDahFfv8rKLji2JvA2e-N_mywya6fLw6mKnTbIc_hWJbySg,Fydz9_GC3cYJXTIlgp270QhHBYwAZUkwK0lbrym1tUTJRA,GrandMaster,239,72,61,54.13533835
399,9gKtgwj36jRYxkTnH-m7N_6ivB6ElgZwdNJ2cjrnJ8VKm4PKPPeu7wdPTj5_SrIqCwzROgW8Gw52eQ,GzipvcR9scCuKR53uXiGwqo5SF1DpisJuIzfwEjP32k_bA,GrandMaster,239,66,59,52.8
400,vAmBNDH5Qp2ukbOc8XgL0Ps7Iev3F7s-NdZlrT-KfgUJZTO5pOl3OJk30OdqzgMG5y7hMtjrIT0fBQ,uLBChhwUS88gM0-29j7yLbMp-ioF_uQQ4Syu_evrtPExpw,GrandMaster,239,42,37,53.16455696
401,bUgT1oEO-OcscTJzr6keIwUo9VmiGWOcbSjMNsO8GNjz6Hku71TXF1Fq9D-UbLVfFcvo6WNBN6LoKA,8kr901hMDgSLkWJcjJCk5zplLSZw8xMU1o_L_pFslg58nh4,GrandMaster,238,77,75,50.65789474
402,JWguj7NfiOhCXCY7Y2_-s-zfqNT4MYvJZGA_8smyCLqX8WGuZ2xHycBsuyCHkmvQqYAOuGFWRLOqCw,vfS3BitHsPiAdvPBflTJhCg251nxxgwp5nfieJonFzdfXQp5Ck_TkHCehA,GrandMaster,238,37,24,60.6557377
403,HNWc7CjqQExAeS62kieJsnK6d6xvBEZAg2QBnfkwyAScmJllMhOY3rd1Glq8_wCPy2_HkZdfGb6m-A,b2uyL1Jj-Fd3njBAa6-WBhOwElTvhbasMALOvmRsPGaRXA,GrandMaster,237,84,79,51.53374233
404,GAXWLnMBuvqqmR-h6rv-vzoQallE6B0dcIX_sEBThIHFSYAYf_Vxpx5pAtW-soXR3AvYNeP7mnA1Ew,8oGigWda1iAdaZaRR7jq1W-gZ246w3Gj6ewapRfHjNDAHl5WXIjjqTqBVA,GrandMaster,237,33,13,71.73913043
405,v2MiHujLfPjpQab3NSp_bmInhbJqxjgLvjyb96VyOIyyfdcbCu8gW7u9wt34VWx__QGFc3iJL_f4HA,3oK0H0KmWWDPEaD8n2WUXEUS0TO2yU_i7V5UWkp6xPI0gZA,GrandMaster,237,36,30,54.54545455
406,M0lMTqq279AoWzYR-r3NFyM_APv4LQ0U48lBsbZPCLsRFlL0SybeGkSuxyR7VB0CLWVp_5NjeMkVFQ,xgBtnaJywtl_Sn25LaWAszOMVr7kCtgbxIJTDBNzcWPhiQ,GrandMaster,237,83,74,52.86624204
407,VDo6y15b-EWAUtc47oQdYT04x9_Y30mZKhW-_-Gmkim-UC52wPo-D4r7j_2s2u-rPDMEj6NrpurVQQ,AqjnlLHcwz8JBdBqlhywvTj781RhafGcdWKpb0yXQsl2OolDdTEemps7Ww,GrandMaster,237,83,82,50.3030303
408,VjnfF45ibeDpLqGIbg4wvS9LSVGujKdzLSnTo1JBmH6B1xnuHcoa79rTWv9a8MAUsYYbJDwjuhTmLw,0kv3k3i8np8e9H15FnQM9Yl0ayRFBTQv91Hxg4_xeziRJbA,GrandMaster,237,105,106,49.76303318
409,26pCAjn5ki7T8DDEiVl5AQ7mQGCPQCJQHGj1EEfPB7Ica5Ov39Ok8bcHYZDcmAkjxwgAMQNTdv7IKg,zt8P_lSQ8FuCxJRJmt18kHNx4YoqMdV2TXJix9Rll7kMSL5k904N7Od0mA,GrandMaster,236,41,27,60.29411765
410,H07UHmxPgeeK4n6KGycLl6Lm2mSBY2XQr2SP9CQzRJ3gLqyh-x_tCA-d7vZD-TAEpexpoYd1IRQ4bQ,dh4most8nVnsi3hg153clx1yaqcECJsHod1ZChVODwIMGxs,GrandMaster,235,90,74,54.87804878
411,ZtZe0kmXln1_CZ8lg59XjDXJSH-BmCrzMcD5NQk9fXXBRqNkXuvGxLtiuzeg-Z6CrkeT9YcxP-27aw,Kb3OIBu-VP6EiJvoUGZlOPpNDtymGIWu3gD0IdivD8NQPw,GrandMaster,235,53,42,55.78947368
412,zUrVKtS_GmYvv1ubxnNdhmemWjzFq4urJWT3lGxhmGDHYOzN6HG89aweJqND2q2MANujm8W1EFM4NQ,W5uFlISDq8mmfWnszvr3G6iANOngdZI4YkPctQpDcCo8PfbDj8Y-Z0k_aQ,GrandMaster,234,103,93,52.55102041
413,zPesav2y8QkFgdSL4-8cZErJvTs0XFIia88NSV1U9gNrQn-VDw4uH6BIFvr_MVZqwI2PX2mloBwbOA,GFfB3Sxw-hENmlhULeCbRCHsIbWAcB3JcGUFUsrXO5z-16Y,GrandMaster,234,90,71,55.90062112
414,4O7OFJddiqsu4keYXZQCtszp6upC8a9-JybPTgnD5kXKp5dhzZOp9Bm4unm4U8SCya9mXo5oURnBtQ,uWk94xziBhI5UAo5KqvV1u-G7zllqNkj_9_mA837Esdhjlw,GrandMaster,234,88,69,56.05095541
415,yNSlzvw0DtC8Zmu8ORliz_tt0BfUjx8DhiI11MTwD5gDQ2cRjiXtlI9Gtol8jItePdzNRPoMY7jpZg,bLnkCFfA0HhWs_s9h4jGUWUYdscRSDvs75IA5yGlw7_ZG8E,GrandMaster,233,32,15,68.08510638
416,sdmSUbyTzByrLpZc-vIKQB68TEKE4cA2DiZy-Ig1PKx6KqtQUKCv_NlbWsOANhXaud9TGMU645QTNQ,MohKh3zU3bKES5GH-Ao9IK7B4mUM8KxrGK0ZUjLgdWmoYs72i_3qEciuOA,GrandMaster,233,26,15,63.41463415
417,QBSQIWtodWtnWrISXu7LH8GAj08sRPN0xBJMes1aHdMCyWO2_DoKhOxYTaXXQ8B_6v9CE-aGAm8L9g,qDIbnc-1pvwdDLLMIYQ1Zf5JB0serVokNXowEzrMhoKN_zY,GrandMaster,233,45,40,52.94117647
418,zfRjQ9TreK7plLfjE_gtWhnNuaDwAB-a2y5DNeHMPKFPZ57CeDxIZMvb4xe-iciFdc7VR-ywvC2XNQ,fZB19_pCHQh4OUGSDkzTjCYGe6ABEUs4mjZAYkulfAZn4oU,GrandMaster,233,46,44,51.11111111
419,KQAP0G2TRzA75_vpEqwooePXOFfAS4kmT2pbO0uslapXLuDvVg8QBBQrB_r8Lp-5zDIOmd7Gi5Cigg,gnma8Y-UtOkDS-mS0VKwAUft8clLbD5X9-bYeJvIriobChU,GrandMaster,232,54,37,59.34065934
420,mlSonGARnq9GcbcN3owmu6ndoZL854hQyNRDG--cXz4jZ0My213h_oe28yffZMLZXzoQ0l5JTPB3QA,bRKW-8aotofyb_wFtY_1oCfusKmTCVtsNhw4sCqMX4yPRA,GrandMaster,231,46,43,51.68539326
421,wAHuoSjTGJdVDDi5RiPnhrnNL4EynAZPcYO9pOc3R9EjSr694lH-OGNtDmtiwvfwY_ydGYqZd0wfLQ,doEcKrdjDmdTfsyZHmPiGAGmXg8eUdOvrqKfAR87iF8i_WA,GrandMaster,231,34,21,61.81818182
422,B_J6hvJcPm0g6ua3_NWidDdJiI_PvZB8b2igVZppcCoTeIp-eUneYyQ1ScUTy-t1mSKpBEBTHhFHwA,Rwcwu95LHIN-STIaKpd_PLPFYEG6rMjjfjj_5wZ4Ym4pSXU,GrandMaster,231,48,26,64.86486486
423,ZzcZCdtsb_oYm1GMMIkqKI9oRddiBW9DIKpdh65eKN5Dan1tlUQftjsa9EgWO8wRyLmkBum5gdWLKw,y_YDV9a6cmGzC9s096oNnXChKFQ1JLGK7Uuxm-sfSliP5zJSwP7at8iLsQ,GrandMaster,231,75,67,52.81690141
424,SJDjvHlY-LKgTmQoMQKcN-nJp6EXhJ2EcP1oTw4ml8JpNeYuFfcdGFNtLb4MHMzEi3CY6jbJy42pnQ,Alyl_zXBqOxAPbNgiooDljbbaAqAueKMED6Jiw8yjH4-0Q,GrandMaster,231,85,78,52.14723926
425,tw-ZfPMzihyTeoQCJPtc3wzzwCOYVFTKkOiUJNJjnJGj-HGQibtEtvSTYCy__ufd8yKlfn9mSeQPkA,VdR3CJgpAPuyedy_lqYSYswEKrqy3UN0njBmPxcK328meqq3,GrandMaster,230,38,30,55.88235294
426,loQ9aBg93xbDwhO6hAF31mCLl8EhyvelO-sSNSib9qQxaE7UHZR7I672SL9sBQRXBRf0UHCUO8ybjA,HlM0rqFv0hVXWCHwNpgS90LND3t680tR7CnzgjdfiU7H1Q,GrandMaster,230,31,15,67.39130435
427,EvVXyiH8LogZmHYJX8TtOzxcorjlc0DWldMOC3gp2XgI9ifd3_LDG5fGgLNAjfWZ8XeAoo4RdAKXGQ,AmZDd1raFxW0Q3KlM1uou6yKSh2DXT0MCELEx1k9DR6wDe8,GrandMaster,230,60,46,56.60377358
428,L8bwbIJuoc9_TAkG8qiEIBXR8MD2KfxBTpDXgqogqzoaNcjJDUtHqB71gwijTHqcQRStyKDzBv96Gw,8tQC4mbGcmQM_9CHxo6LOXxKCv7-zkGcRRIoA1p3ceNL-wY,GrandMaster,230,129,126,50.58823529
429,TPJdqV06pdFp5t0UHC4wrvFx3dn89nhOVEiq-O68e8rs-2HHDXBiq96nwb_nSCNOeOTMDECYGcqXVw,1an4RUWEWXNjKtIhEgxciNx4oU2a15R3OnJJPUN2eBJHuQ,GrandMaster,230,39,33,54.16666667
430,2ins9lM6xNsrGrItITCS_pfEWAR6OYr5cgXd4smtNCIe59QiYmbNogauD2R8AX6VpfKLZXGRspFjIw,aTq1tWGHqk43jwZorBkzN9gdRl6xtGh_V7qHchnWsoZ6q_M,GrandMaster,230,91,81,52.90697674
431,qIs0kuSbt1i7Q1bw-K9-A6g97SC7ldqIFMPQPxdZPknIboZxhk-06ejRH5oUsN6sRRbVTsXDNJqM6Q,fHLKr69xmgstLtgOTn63ibJQxpJCOxTOEGUMGBlnwIaGww,GrandMaster,230,58,48,54.71698113
432,v7rlzpHRDWoMgHaHRRq9OfuCo6ZL42b4oQEcTB6uJzxFZEnXCFYHhD7A6-76jPIOzqEjFdchzb_BLQ,3QqKTRr3zI8TFLUlQ9UOoP50eafKqIW8zJBrDkL30qwKzQ,GrandMaster,229,49,36,57.64705882
433,EiYuF_MyYV3T4rX1H-1Vu8tEDFP4Qb9RddSakiBBKczIOn1inNMAajJA1C7nNE0PT1yQwJR6KK8pcQ,3z-XJ90YIPU3BEW4cajMm8ElSMOZyJX74hOzNib42UE7pg,GrandMaster,229,74,63,54.01459854
434,38tisY54VMCqOllNUlHJ8EAAIK2NK1qdaryiLbGUemZmws4nviT9v4WBL1N20symTpzoKPRanC_pAQ,SCX90rXvDTTo_jHxepOe6ITmWA1FGZLLhSvGF4l9hG2qy6A,GrandMaster,229,39,31,55.71428571
435,S-Vr4-SPRx2gxZ72EDIGxV9lX8wf52HqqrZVxo1eWUZrIHIyBRc4W4_amQ33PqFJ0cT6UWb-7IWYzQ,uqNPhuLV2z5-lkrdBVISq5gN0zkRkPwJSCB-oLDqhyu7kA,GrandMaster,229,115,104,52.51141553
436,wzFVJZaV6q1P-4BqwqXAfl0yMPVlO4SkN6V2dEhZgaoc8nmY6R2EGrRbPVZGyK_CCvupKHqxK61iuQ,CW5KIDp0X9GR34yvVQmqT8kebX_V5zAM0sQ6p683dBywVg,GrandMaster,229,33,25,56.89655172
437,XcR6zgbBQgYoD9miUWzNWh0eBwghHSOqlN5_t6-NAqBJPV7iGE2CaqTkFfFfL-r1Ey2KLaOd3LfmbA,psV4HUQyqWazO27YGDprhRktulf8lThyTMvD8OKr-bhPVoM,GrandMaster,229,42,31,57.53424658
438,mbkDWFwrCfAaAemzDc79YOhlMsnfhMABIdpwkwJPYBR_lMnLXewi3COjJ9MrwvyX-OT2_tZfzspd-w,3Vh41pCoDgl9TW94avHe8dY1XI9OlFC7By7OArenhzf3BA,GrandMaster,228,42,32,56.75675676
439,dbQhzjn3wRV6dPFYG4nWLEKkmbuMpfzCbCIlIDdhzMg_D4JncX4xWL6o1UNF3rQzM2OG6U_I3Qug8g,_Pv4Ml3KgsCMgX3a_blZFzd4bLwnvG2D7vfECZ66Nh6S3A,GrandMaster,228,115,111,50.88495575
440,dAhFHXiZhkc0xrNtCqQlyx8Itaf60LBcnzDOKCF6Y49b2YV0OX9ayNqddSS7mF0rlqP5VwvkCsR9nQ,JvK6tA39u9xKg7LJ1ITnAwVISosyC_NDgCuh6JbfyrfiarE,GrandMaster,228,28,25,52.83018868
441,L28JrA3PmjJl19-Jgkhtu99hu09NuPryOdQAuxBeSi5aWDZiJHyzuliFawt4o40I4QdnXqb6AzLS-A,T98fWyiUzmbuzMJrFqg6mZ6fJEBBkrZooFogqazUNDtS7nI,GrandMaster,228,43,29,59.72222222
442,B_vPoAwVHB6E3jg_IuMdMwgOJFgAa6mEK1wr9czVucybjn-1GjHfqTKhVko2IZUF1XdnFL78xARYSA,J_FTeIpGlibKDeX39yFzOMvCD_hnWAH3iZyFb-9d_V0CG9U,GrandMaster,227,72,71,50.34965035
443,X2HZPiasvEzgmfqT89XpHlXnCtFTQr8jURxtz3UjUKnvwZHMdXfCDZtrfkENd5W_K3WQJ4I5AoTp_g,BiE1iP71EoXnEnRvsDxETBLHTpjtkBCghLhTd1xFBo9WIAM,GrandMaster,227,76,68,52.77777778
444,KDBB9g5Mk-AC2f-qnrmiwa063PsSzdM2SwD3uqV8TPIsSCCDyuj2tBjHaRjNIhN4dGEoSX5E54rAgw,MMSmH9I3o2z8oOsZNwk2VtqJx8OzDE2ImGOWRNTCLuTIu2s,GrandMaster,227,57,47,54.80769231
445,BBmuFGj1hlwc0kM-XCj_phE2Dhut_hJjQUr1xkN1FPUSFGHUvnAW_Ux8HvmxBZmjqGHjMIKkWGEK2g,-WJL3Ff05662inNurq6Js5cYc-j86E-7yNGNkrGtr9zogxSNp1Tr2y3f5A,GrandMaster,226,68,55,55.28455285
446,UWkAULzARJM80RT_VBgrRdLEEPgP8dQTUyCoG7sx7yR6Z1N8OuAMKLY62GGMzoFLOtDio2D_a2tYWQ,xQXQIcVMa1Q-ji9PV62K4uVcIu3_DAbnnRwe2-cFMkEpEaNsSALeh9iWvA,GrandMaster,226,60,48,55.55555556
447,ZZLBtXf5aagyiA824zENrYFYSFkZ2l08aTqTvyCy_lYtsVwwz5Lwmg5seaK2F-2JDJZl-jwR46nNyw,OAn3o8Su4doWyFTAyZxtniYDgtJivcQQ_tVjJRxQdWv3YBI,GrandMaster,225,29,14,67.44186047
448,patzMTs1WCP1LVaXRvMqJlBdZ0LqPpgHKzUYiE5U8JhlOko3PXhXjT6UqaA0-Ykplk79T0PJrhfKKQ,#NAME?,GrandMaster,225,58,52,52.72727273
449,_yBCzAFRVcDGBKvZvlaLPQvX9OI7FeR3miuWtK8bo1jmnjRb_t6Yy84MbFX76kokvDChpO8Qqy3eWw,RotdnUtOjlDEsGxPqif4BPz8-gzzTZ4fuGJo1Lk0yw6kNXgfAmV6zxSJOA,GrandMaster,225,47,28,62.66666667
450,G-80jQ15ZhmtR7Ik4TOkaVbsjrBZNrlzepKi986pBqBAiVU2xRnVhQyKCYdcdOYrWZp2NKQnyw0IJw,5bAIGHHpgTn6rF9KtEIQJm7Vd8iKdCcd5-GaDZeN0O3STYM,GrandMaster,224,82,72,53.24675325
451,f0MgJDyT5Nx1ZqX5pVJnvBM4dmwTi4Ly-1ViEoD450ZQ-RtwLek0XGXHmeLzJ18cSOuRKV0oVK4oYQ,sw7NmMUc2SPnXkBbctQO7Y_ylFbA-OXFhWOhXOSZJU8X1Q,GrandMaster,224,51,50,50.4950495
452,26Sdufa5M7D89DIJoCoeZyAIHX9ji3kLIB-tXQOIp8Sc7JundAfU-P5OI5ppGOhW7_RKSaSDR764zA,uQpeq6AfHcm5XwB3lwh8G8E1AqjzSuDXu5xbMVuMeaQ8-3o,GrandMaster,224,67,59,53.17460317
453,Ybr7Gs0Yhdh944C3x2QQDvAUC-1Oc_g_fCOegclgEKqRo5zF1vi2BYwPw2E_Y8Bv3NotMjUTGyUnuA,dHJrmkr2xEDSkcQ-0mpfbiBvC7WofDIoQ_Z4iFaDvVgRvw,GrandMaster,224,50,43,53.76344086
454,nKSnxhRwEJKsHcCxBvuHyxYRrylodh6j_6zKMw772jmUkEXB_aC8g90HHl3wM7I6L6py5x7g-TMEew,5GlvlJESLjsb6Wjs01WNYHYvs1CIXl6n3ZcLB4eX_S0a4LXfKRv6J9s_PQ,GrandMaster,223,83,78,51.55279503
455,Dn66SSCLif5hFP_r4Ka9urJ1BFdAEQA24IMjiDSk4OZx2KTdjSz3n4Vz_CNWKrPdugy48baIRkhPCg,YuBwUshWB634WHj5Mu9w6z8q0Op7pPlCYtDVd_Xgwaf1eEcxfQ9irmCHHg,GrandMaster,223,36,21,63.15789474
456,YVw7o7hA74QoPy3mRKBH5aVjHYjfoixtDSVVGdKIQvm509IdVtM4NPztekjW_L57BSO_F-hDitKqOw,3tykuoi3j3oZSZ-GfvnklyLTJVTiOXfXiEJQpnEhCcQrF7A,GrandMaster,223,59,56,51.30434783
457,EQxgKZBViHTYE2uq6JxRaPs7Ee30e-TByGeh06yF-CxKcmREDPfsDC9PWUmeIxEZdzar2LybgT6o5w,ORTus0jyDC8iTyVC2GuVyU-z0ivO6f8fzBwjY3tRULnLb6o,GrandMaster,222,74,60,55.2238806
458,WaKlWWeUP0TWeo7t9p5oEBpN_B4LweTen7F9m36ERsQ-2_8Qf1SZFKtb0WNVK2rekgu9Y8K4W84p6Q,1bbm69PF0r6bs52F1_rudgDbyPlObkwn9qX20Rq081F3Ams,GrandMaster,222,49,44,52.68817204
459,VfWy7Xag9bx-eUZpfzSLQnH5tKvlv_jNlkFidd3CFUofBWsTpScbnSRbIQ10ZFkIl7FGDhnLe921RA,JA1qVhwYd3fl5EMkyb4nGjsy7AOXtA7Gi-drRh3o5U5Olm75h_2KDyKK_A,GrandMaster,222,63,48,56.75675676
460,e2ZTlQjE8R5dAD3_UaPtBzsG3XyJPyoL3_1ywL-fwLbbTFaVe037XEC3KAzI4ixSjl9jV9m7TPRKDQ,CgokoycitsyiyMEHEJrp298wM_Q2Ib8XGyI9cMMTVZtO6cM,GrandMaster,222,35,21,62.5
461,gr9XjgreTtuBBP-0qGnxZDrA-GMvKoDNB766cj9fOS1f0BWZaTHnlfX-sysK8Uau0-eRAvfs2M1LMg,PQiwPkW2G8M4-IYd1j1wy6C4Swpd12vHoP2IFa4OE-oXTi4,GrandMaster,222,40,30,57.14285714
462,3cGk8pZ0iEBiab8oa8hikv-wtKab_ju2h6PCJcaFJciL0xcvMByF_2Eewyr_N4gN1cPY89sPJmwZoA,qNBYgKGJ9A7kC9eDpBhebgCtq1GwlSCksUz_VDtSe1hZ1hQ,GrandMaster,222,51,45,53.125
463,ZIGyHnYXsketlaym2In7S91JvPDCX_tlJ54pVjNsmkimF8n083zaHG9OJgiZ6RW1rnuQTBxY3mdZFQ,z8Pd0hxTjLEIBAVk-iwYmToVI-UehI1nsEfgyYZki-HNep_lK7LdbGqspw,GrandMaster,221,52,43,54.73684211
464,j_x5KfnB4zaTosbgnQHuY1tSat-ko5ZL0RhqGtomDcRUS-LG9VcKCRmqzDRZ6UEacn-2uDnXfI664A,qh7ai0UpkVPbbOYihS0kk05qshdeTfEGAQYACOHV0QZ30A,GrandMaster,221,71,60,54.19847328
465,layoRFEDjGW-mSv69W1xW5QJG3I5QixwCLi_EEw-AyRoPEGMwnXJskQSk_fiilEhqnmpA4mf3B6J4g,CRusGO_pUCqUQJpyMaRandewaumMajNQv5OARtT3p9gwD_U,GrandMaster,221,37,26,58.73015873
466,ddt_yarBc7ODyNNRC-Slsr5JBecyFiAREQSKz6M-yEcwOpPIbJDvs6Fvw0cLt0CnPf0exmnndqJQ4g,oMktbZ8geA8RnJSLxr9ugxq5939t3jDQPf7rvF1vsGO6hQE,GrandMaster,221,29,14,67.44186047
467,Hn7IF-n-Qbfv68AD_pvusmhznF7nPm-tAQA0ixkQlskNDuDLTXHtAq4wtDXuXs70QFpl8bn5Z71IVQ,br7qMfT09bBovO94hwCZa_h9-6Sfg57kgO8fsuA1f-KaETOlqcyL5tLeCA,GrandMaster,221,49,43,53.26086957
468,B_Y7B_3Tt4SGbiJFl11vSk2VnZ8pvnVJ9pK8anKy1oj7p6y_fXNp9h08DHOgn3Hs0tTgmzSbhbTQvA,HTf5QXuImSc_nyREipfdBO5FOMXWLDUe0xoLpPgoBwrO5KI,GrandMaster,221,41,36,53.24675325
469,lPwC6tU2-SXHCI1Plxx3ReAIjNhsKLWkPhs3WqRgsEkFO3hsRN9GFdbPcPclhKbcVNQXLxNOueRb4w,xbUNoH-70sxm_T49EHH_0_YWH1caRLJBjlFuqeb-k2qKpw,GrandMaster,220,41,31,56.94444444
470,KWkWP-ki5TulJyGaC_yWQ8MhD7cT_f3WI2jnZ3YpIWrSArjskzQkxQ2t9ZMz4cGriSBYSWPYawSbLw,FOOtuQWEZif-An-ViJMS5uv9N3Mf8tWuG6CdMBuK0GwDiJM,GrandMaster,220,43,27,61.42857143
471,Qq6_2RKzUcFdYHkGXNIPuBahflt-lt0K0WudG8bkaQ8NWKhbK7wsZ7XstZO-HsozvpJ7PJMM31-7Tw,mEwYcvrscpORcbxUCqEKMQ6TDvDQaEBR76T87QYBuugOsgTyLUVFeTA5Fg,GrandMaster,220,45,41,52.3255814
472,R1hmwE6qKzpqc8yUwxRTK0RDbYE_9WH45Y4QUPfTWdLopYSpBUkiiSQcTnrg-wq-R0zqeBGSGI0XXA,NoDp2gwSUgna0ky1VP06fw2OPjOShYPt5DyB434cN9m0ig,GrandMaster,220,56,58,49.12280702
473,dRjyC1IuMrTQl0SP0DFdu2k3U8kr-N987_WBZLc0EaMy5tMt-xVy3XoEXH1cIlglzgiIS69UD6ilGA,LXsV9_2HMqbmvbqSqn5KubutjfgFf_BH6DEr_jbuFHEfYA,GrandMaster,220,51,40,56.04395604
474,dR9lk6U86oaYl7QRIsmLd7AbaKOzVtOPGCUHPE2VJzGV4IwHbUvvsbzQYB_JzcrIuazTNxtRuFIXfA,SvJYPY9i908UNoxLHK8Xia3PNRq-hzilpNcAjciOcsFFX15MDiGsFs6YpA,GrandMaster,219,61,27,69.31818182
475,H69CCHApnf48Aps1EDJdJ19bX7Mj-Y4BiUQy76i_acGIICbBDvhkKyOOHhsRJ7jtbDesM2xh4EMrjg,E-_ZRFheH4trTbLQaUYfCrTmmthQteWw-znOYeDvI-59Xb4,GrandMaster,219,23,8,74.19354839
476,AgbCpT7kXcRJFXA2YPywWnHGmE2eyyvet1mC7B3_lbDBqGTZmijhRHViteSGzuK_Wth1WIU_EmuHrw,Z6n-PPWxGP4xsd0nJC2yAt736lhI3NlU_lggPCq0zvfQXg,GrandMaster,219,59,52,53.15315315
477,jrxOEInYVysRXc1F99AndGsBiUvyENOzISCztpWusStQUvAn_GausYfwwF1j1FlWQbbrFvuzhmDGQg,Mz6ACd8CahfjdBxmvVUj_Lzi-OqG0QiETFjLfujzmp-JoOQqIYEDJHaJ1g,GrandMaster,219,66,52,55.93220339
478,DUenfpK5_zLk7lgSxrkXqlpIwujsDeP17oyku_yI0P68rQUpLCEnD9FJxm1zluBC9lwlLyg473q5Uw,MraP0FEfAQkErtxd6repoP_YcDhDURnItxctS-nRLgwjr52eCooe-p3gXA,GrandMaster,218,54,53,50.46728972
479,T37FwH5NdpDRsTio2b9rxLIFKHn2mzlK2lE6uA0_sMfLEo2kLgbPkdflqnlq8DE6AaADaIWtpZnuNA,MM_KM9TXGiH4nbqMH-msFNQhqzJQni2Mg2K-Llyh6ks4gjx3,GrandMaster,218,22,16,57.89473684
480,t0BntuCUNi60efIh0to59RnUSkDbUulo78wMl7xivoW0ZdFAyTAV7HrepErejcqVoxpU4cb5HVzCrw,zzfbXaUSdPAHIvFUtDIIYXOBglpHuH0s7_cEqrOJ3eBdgw,GrandMaster,218,40,32,55.55555556
481,QDKfTlbTHgvkVkuCWD3sGpyKtT9Z4FjuDbHGz9en-c70q8YN1fQUbEi4I7Jhs8_Y0NKsGBuV601yUQ,TIp80peQB0RgSuQm4_EJ-79SSGZgY3sEyzggFqkiCMVQ6Q,GrandMaster,218,66,50,56.89655172
482,9Aex2Bt5K2FDuTZ0oshj3R0Qao3VFJprw46RQIdIZpvrfbBohsSH35xAsh_rPBhq4DflAjWTsxO7YA,gZNenmuVCfzwM3RtKBLEAoUxMVMBPKv4bB-0uaaZmj1HJqk,GrandMaster,218,86,67,56.20915033
483,cW33sVedYk_Qoqi-mn7u7eHBNji0x9mVi-O8u55DC0kd0fsShXH7E3AgeSJ3ItUCD7jLw7y3Tgd8eA,sRulcwWmYCAZHawbR5D0w4HWDEB_B3A62-PdKfDkT42I-g,GrandMaster,217,53,40,56.98924731
484,vcLlF52acyx5x8j1OOxXJgB-RyOq2KcrBJB1crXfuj-rL_MIshV3tGfKoE_8KVIOMS9TpUm5fqd--A,INgU7cdbyX8gGr08HFC8KZ4vZx_8-floFmpE14os994jNRb8JRfd4a9q7g,GrandMaster,217,52,49,51.48514851
485,c9Jp4b2-uuFw1o_g5850ValvzPkzEovronWpNt1OJ96T4uSZ8An2cU9hP37fjxrshA6x5YnBqKjEhg,cvIQrE8zZktiAkRU6UwAgg73nEpma0Nw_dCTzQrkw_ZiQryM,GrandMaster,217,82,84,49.39759036
486,AAfx_btyK1azAahesOkqkfWvao94FGCVHj9eyNQUzCDicjrAgEwWw5DmjCgbqTAa0cRo3YrCNGJVHQ,XP75GprngjV8AMyU-Rok-kkxwMcWazQh2zXTGcB8jUd2jO8,GrandMaster,217,69,71,49.28571429
487,ts1TV_Ql310ENiCY2wrHCfLBBAFJ8vtiMpalMv5f5lGFnuaY3nu4HPBYSjZ0HIwl4yxg6IMLJQX_Ug,73xD28YILq6oLXFXUge7OcwS_tOBjenpz_0VaRofdK3tlA,GrandMaster,216,70,71,49.64539007
488,nrOuZagbS2OD23BLVEjsXEqv2CZmf7mvuJl14dcWxKgYxOroWtmqBt0T0oEmZy5wcenfnzuH9A4c-A,p2l5kvzXKBj-I_LZc9_bd3qtZq_l4aYP8CCH0xMN7MsiIwviQZ_GXP0qmw,GrandMaster,216,15,5,75
489,ZMgGe9_VEpoMy5ApwfKpUgcaH5sv5Fv1aYhj8vM3A1tVYta8qKmdYf_F5y_5BAsELlQbCXSz_Pf7OA,V4YS1aDIFlqqAZ39ogouFAH0OAs-r9tPtxhsxNeHAe6s-FLfEN93CJNI5A,GrandMaster,216,107,104,50.71090047
490,5dWZeGop-Xha0sMqFMYNwWMcmeSm0cbcrh9SxPj6zsvWRLfKvQVaYMhXqa8I7HETKqUycU0ZJ1tH-g,44nQLCPgp6fc6zm3nh62qLaYvIgdm_ffqlL03qPKYjJFYTHftQTaINzlbQ,GrandMaster,216,72,53,57.6
491,1fsX5PbnTvKhJOI2lAA13RlPhvZQPIpn20kfOPFQmiBLME9hdsTqT0-O1vz844rXexuieO5YXtQ5Tw,vTiUyklOz4d7MjpT-BUbRIwDs7baEn5kpqKJn4wCHe3d8AgrWb2wR8CjAw,GrandMaster,216,36,28,56.25
492,03b0C3LuLUmKoc76vsn_oJJYHoX9VfVpRH0oxpuDNKZsZzB3f4YA3dm8GAfkfH0Qk64kOi8VX_4pVA,KPcs4WPlThb-znZNKiT6zFxJoVgyadwG_0BJeP1Nu1vMRQ,GrandMaster,216,78,69,53.06122449
493,JZIcPPliGliXQg5r6FDf6XC94zz9YuSX04v9yqkmLUcElE4K9I8r7FkfXdo96oBvXBzof_634lE2-Q,BZFQ4Q8HqvvL8s6z6GNNPhOFnEBWrBvYmW1qxlCn89hIPA,GrandMaster,216,46,29,61.33333333
494,0OGkfVQKSEXGCEmALVsltd7xsVWsAQFl4l_95qaUDInfHzai6meO9Md8yNf85bVv2ogxbb72J0PQ4Q,i3maX_e1HWMqmLWHLT03Ponvel-SPukY66w8fe7xyF1nZMg,GrandMaster,216,67,58,53.6
495,jAU0JHR9KWzI25brIOr0LK6mXl2MeWKMM3afAAE4MfBUSVoVYnEgifeV5uRGmVPlwDPjCJD0HPH1Qw,FJ_ZsY2QkSQh-5mbBykjea1biW_5_9CXyydxSOdEZNMTZA,GrandMaster,215,62,58,51.66666667
496,AlgpLn746Pc5hfpnraIHSFk541NJUydWQ1lZX7BV2gcBzVdWHhkKaCzVu2OaClrejb7xjJNuesDwTA,Ke7uEO4GvbbPnY7_67vUZitl-VjybB89xhx1RNzCo-sbMg,GrandMaster,215,37,32,53.62318841
497,uM1gdJT1IzAiDTxaD0hC3wdyO414C4GvGVtb6TBp3J_XltrvkP-zBvV1Bz_3lBkPgzEhYQjYpHLRjw,_jBnMIpS4kBOWfIK_gCJFDWKSqYhOK9XBec0WQGgaC_Nrt8vfso5KHADeA,GrandMaster,215,92,76,54.76190476
498,J8F-IBcvAB8wJekMMRCOuitUeaBMRxkTdLNQ-1T9abmibM743HjJsw9smEpXLV_lRe2ujwOHQlaCBA,oWMcAGEz0P71wBkAdaKbbYZHpNVfbKhLs4XXHgy1cw-Jes2ait-jU7UalQ,GrandMaster,215,100,94,51.54639175
499,sTp9gs_-x_srUQZlyyow56E9aTmpZq9zHSRJV_Y6L58ywFJFjX46lOr8saU3l_9u9lyc5VWPl-wrYA,KWDs1oo2_EnQCWnWrlSQNKPnfXx-PwW3ogl20twEoHFEONI,GrandMaster,215,85,65,56.66666667
500,zftdT9P0jQhQorXBcXLhZR0uYCwVccq8Aec5tZa0HPUKyg5ZGUB6Eh8w64g2tcK0-bWk0NVr7MF5gw,2DJdwNAbbWYImhRKkSOpXnv1Eadt-CoYltAx9XUJZEfZ5A,GrandMaster,215,57,46,55.33980583
501,TKEozYp4HQ3OCaYbx4mb0mcDKnHDncHAWeOombVehi7WZu1v2KQoDWRmMbcn9Lz74niwXfXgf7fLjA,JyqBZtYMYJCL5xht2QDQ2U-iPYFLjXKeL4alcXgRBRI6fmr5ba-UcpzCcw,GrandMaster,214,70,61,53.4351145
502,eQ5lqx_5PFEyHO06a_4-beAOByRUF15FBpw6QBpoIr-QaUgQd0VeGaDZevET_XiZjjebU2bs_3nK2g,bZf-HP7TK2yQXRoGdf8PHYeKR0jTcSos-OxMiThxc_FCCyjLI4CwiyF_0A,GrandMaster,213,30,24,55.55555556
503,FDDrp-PQpeShOQglwmKwLChIzxwbRHdsX2GqOO6XYRS85H7gd56gs9C-4Xmd3OBjVgfuxQrZJJmteA,_oG2XifclE4o8V_g5Y92d_DvOJ0qfeVFQOQOk_8yPieArQ,GrandMaster,213,51,38,57.30337079
504,GktA0HV_XQXJqH44S8DhkJHICZVUctUsbiWHwG2mRWB8Xc8H_ohykIRx5pXGZNoiY43jOLuc70C2dw,ONFViGUvQ7KWth18sEQ42r6JCZRtMbgpbhP4BPmskW6EEg,GrandMaster,213,32,23,58.18181818
505,gjlaaYfyVWEdfxBCqKqwBVQ6fTyc24rmRgvbMlW3pewz_CejRoQ8tUsymrDS0iG7JyVyJeXzV1oSpw,ehltATY6lYXOmMWNa_eEYg56JLoOnADJc6bCFALwdZx-kVw,GrandMaster,213,43,29,59.72222222
506,vhcnWcG3gfn1UJL9Lh-V7Ng8IVASrFUV4WISihI8HF_kJBqCyHnghDCJ-sfqKlP5yYBMkqBM-ZP-_A,blDkF6uZKxiCyL7xnkzhAMKzoUb9u56v9oosIOrt72MdvA,GrandMaster,213,64,47,57.65765766
507,AhHHhuZCBxlvwcbkfJL9ts3eGrKstJGUig3uIjJeSdwOcLvvfDmInwovNjvOXxUlpX8mct7QG8szaw,clnILiFOEkPFXHygji6HRGRqG6p1T3VTiVqH-zQ0DjVEog,GrandMaster,212,70,64,52.23880597
508,jU_G4n88myi6fP4fk-BP2ZNnEMMqod0rsZd62Sr0Aini6EtaaHLM5ToBPR79teKqNwvv1zfKj3f5IA,Db06gbseBqY777S-YRqRVy1RRgFR0-TgCFnEFW5Ry-KEql0,GrandMaster,212,62,49,55.85585586
509,7lj7cb0dOOusTH3s0-oaS63jcPYaqrx63LGTf9jxCJfqOBdYpBr5-W5-yYXe8tcJesg4soRUm5pVHg,UWyOiQhTfuKa2fXVvRlbMOdplQLOPOfEIJ__BBywcK8gcw,GrandMaster,212,43,45,48.86363636
510,wIs6if4RpJnJh2sDy5E_JT5jFutFeP30v9k2SZbXakUswTNDm8CVD9atHmDwOluplvt3DB5prc5N8w,gw-3AO9QDZFfTK6bRKxs3AGU4Q6X3S2k2f4G7H5azbl5W7o,GrandMaster,212,65,45,59.09090909
511,qrgkcP9Hllf1rRNjmwjDY1tiQHzehlskS8cuAhzM_cMDRzBvs47bucIL4xW5Z_O6v7JQfqssj98YgA,S9KO0MhW30FinxvOs3ZJHxMglMjI3edorkni-hBAM7r1FA27Ekjzdn8CDg,GrandMaster,211,38,28,57.57575758
512,0siuFvObp53Kd-9BjEqH8GrjhzHP4KGO2x7FaZ1Bekrubj12N38WJpxllSRwr9_Fg6ygpkD1TIE_-g,yRAm5jPKt5wxrea807I181yCJyHONMCnzFuBW852FkTKaQ,GrandMaster,210,47,37,55.95238095
513,W3gCoGK6pkMlCQ2BpxGPDrwpscQ_3znVHVnCn79OEeGIx9QuuiF3Qe-ScJbVEAM7o0FxjBUD24Z9-w,giZKcTq1gmzveHibbWHxMRDjmszypVuTSplYBUp97bwK6Q,GrandMaster,210,50,44,53.19148936
514,WE7sDDTbQGZyM1a3MVlutwoeD_fYHYfhjGOLKHIOFYCivoQjQDtbHiZ8TpS_xAIojhc4x4bIh-M_0w,0EY7mu1SZmN7qylPmsHJM-rwJE5IzOvHzoagVAtC2Cuoqbc,GrandMaster,210,29,17,63.04347826
515,Eor8uCqMPKaADEvOi3GqmAKYzQtGcYNFiOjGYJy7K2-INqjo9X1TIQAsisg7dKt9YUg5Uksg7NwMrA,Xie6qc9P83hypCERBeLHRRv9sfHqixyx11-GZpgGrHmIZ7-W,GrandMaster,210,93,93,50
516,u-dKKyIPDdcxDn_lc1cQp0VdslrbDlDi-QWlx1DApq159kWP4-rcEl0GJHvXMsMtp8K-xZrEE2Q92g,iSobhUmTSTp959x5ElgYbJJ9vAH3dpJ1hJpN5a40an3oLlRYQGSKrSxFnA,GrandMaster,210,51,41,55.43478261
517,DYcuHLCy7lK1qU14vyRHokrA_PzfoyJugyucfCni-ROEBhlkXHJO38BFcyt91NI0EMBTCaTSj9_yKw,pAYT9wMGGyAPi6Ane6MHlvjf9f_1QyIm2xruSX7jJ8juuV9m,GrandMaster,210,49,31,61.25
518,y4l5J8ZX7VS9Sn6RfPJ6D8wrqqxv5JncISlu_LMGc2b5H2TYldhdDHAuEFxQzkiVkKpPvWivH-QgKQ,TWlhmUmUqPoQugtBYRZgaxOLjORhEE05MM-4tiXvLj8DNoI,GrandMaster,210,37,35,51.38888889
519,xIMHnUW24jPtSVVbD_b3LeJT-wqtadEQ9GhhJsXQHPJRJpofY22_o6pzBTMYnAS5nS_2GgQxCqOqzQ,xsDGuegZzcUbT3SIW6QyvlLI3bQbflkNyftSeJuT8m6Ms10y,GrandMaster,209,27,18,60
520,0kICmvuJtXR00aEuloBPrQKQR4fMhgjpvAOkzCu9_e3BR0L2D4tDeF5L51FDvQIaWBSl1dyy_1i2TA,F3j3rejqtumQ2AR1vLAUy3hEilU57-k-wgY_OabBGJyovT8,GrandMaster,209,73,61,54.47761194
521,Yfucg4CqGeFSmbE3CVVRDgp7Pcfef2TxZR2_mZwYRLGDiVOe0qM8OjeYWXTLSO7K9OQ1X2HqAapyxA,gwdu2kvSpM_m1KKNHfWWsj15DxNX2qy84ei0tltfMb_fIQ,GrandMaster,209,59,48,55.14018692
522,Gu8LMvx1prYwc1yVYa8PE-8XYaVGL1GIXZ0TDFr2pTjDvoXOihjVzzqCbz2RopsEFlpctyrtrUschg,ANWVY4VVJ5Jr3fnUP-_rYjRtqDxWUSTWYIpgWbP7ICIEAxA,GrandMaster,209,77,65,54.22535211
523,8tO6QISptHpeyIJ1Iu_qtK1KMskGA53RcXaictTrEGhclqjysH7jH5eJ9JTQvzg8oS5J2wTyVr3Y3g,u95tUFMSp43-XkF_zgYEhZry2pwgPAIQos9_gi_H88IJ5CU,GrandMaster,209,24,13,64.86486486
524,3fnFtFtkyZtrWP9shUUCvmQ9tCvz3x2m0_vUIWixlS_gn3EkCShVzdM83V3IADNttjzwuXLy7ler5A,lkNoZvEOpwn1Dvj5_UMwJDr6lt8eziEzG_6u3XSN89dobXA,GrandMaster,208,47,32,59.49367089
525,LtZqwcp0tOY57KBrU4QCPwZS687WpkXoB8er8XTPswCONpfSzsA2uAVAF3-bCfRCHjWW4WRQGjnWkg,lJ5E70wkPd6Ehrugw8jKW00PtFtdM4Tt2fOyPG839VbCAc0,GrandMaster,208,41,36,53.24675325
526,bVGm1GE9GserkzgvP0u4xyCnkcvmCi1JxPxZUVO7mVdo5MWFbdpH13G6qdWI4yrLxgJLbCxsMs0ahw,JA_R4Xa-TLxilh1uBRoDYau-47U-564Unf5Ou_dCzOmeEvU,GrandMaster,207,30,22,57.69230769
527,9-Mnwyj1ubaOc_n-8NAVvYu5IU2a4wDSLkPJFhyHvjz6I_bDydZl-tfxStmYK656zxryOEqYxD7FLA,inLxCSybgiCDM4vP4PWSIkIoLh6tLOppxGhcvwAxI6n4bQ,GrandMaster,207,73,51,58.87096774
528,GAPiQjUQkbV-Kxn-hpZoPAlha6DlkMTxBDR-Dfr5I5YGPV01Jp-Ilhcn-OyOKJkBCuwpp_6L3SHFhA,FEXPaR0VG2E0tfMMG9Kfa3ixkz6vI8tkdZ9vUC3OyxPhMw,GrandMaster,207,52,50,50.98039216
529,BV5GjAWN-jEtr5uyDzFgsLSHmUYjPLkEdQW5b-VUF7IfAZRVZKcmSAte37kS3qBMAlU7v6-BG2PCWQ,6t7y22C0eecXDn6WHLPeBD59hR8FzFtJzkdcyGh9Un-gJY4,GrandMaster,207,39,24,61.9047619
530,2dFTNTx-eb7a9o_wbfFWzyNwZVlg3rTHt231MXBepdFmYVZb-C2q_4kuqRqbiBBbXkWrdGogNmJUqQ,WBJVroedfCNuI5kReGRjMKQa1HtU8xO0p9mdfrbnweKv9g,GrandMaster,207,78,61,56.11510791
531,w9YSitXwkBiGNcXDvol9QwEuhi_upxd4sekGw1lnYS9ib9uPw_0MqSgB4MkeDzs8N9VvFqRv51TEuw,NDACOEC-kIE6JrAueZR5u-izShawJut6lwXBWPt6-LpPYRs,GrandMaster,207,49,52,48.51485149
532,CFpvcHXfWMPmt7k5wdKy_gEEgmSdkpsZcAWuL8eD7vAcH2-NZu1wNFOvFa9F8UTLmO2_b-z1CGD1hg,sjd3Z1o3XWzc18TJEb-A8LxitwRc6Z2NoCUDIckHf_xGib8,GrandMaster,207,39,29,57.35294118
533,lh9ex947sbD7HwYB5e_1sjxLrn3T8roPvKiGm5jodKwXMAPxahY4XTfplbONoEHn0DK8-WmHZCXBJw,AGp9UvDJqUYx-5dcllq-3mklTIRcu4ffaajyGy9yCJvVHI19VtBr2tu5Uw,GrandMaster,207,42,39,51.85185185
534,ftcJDCJUbZL5qYyFjt1jZLCtZD89HTmh_K-I9xdUbPoePvncogxUUzGWjdlRgvDoapZY3-YyrW8t1Q,3yvXpHMum74tUdTVw6oEEoBIvra2IVOSoJ6fRGzkiarRSfc,GrandMaster,206,35,27,56.4516129
535,AcO4Xv4XVzKYVWdABEgiGquanMgYvFW3vwLjT-qdh3XlAP_kTijna9yJaBfnWJgpqzELgeLoBx--QA,LPi5Ko8SqeXSe9nofOWcXDEZstmbpOdbj1_n1MLKBxuNqg,GrandMaster,206,42,39,51.85185185
536,iYvQCtCcbGyQyE0RVN8c--t26a6T0o4hw5zwU2LvbLlbajoayUqmnS2bcKqdTJHFl4vDPTUR0SVztA,pj0TZqFkIfwUHl-2PsehUuEo5bPjebdlxo3fesEiN-PDjoU,GrandMaster,206,40,28,58.82352941
537,Uwy4PFneFvJFMGeGXr6ufUQo1ncxN3uezReI_KVvPP4R4OHfRDPOnBhc8n5b3A8DvlIqXjaZpbLxtw,HkFImO5-LXdSWQyI93MtIrQWTb2wzldswQ19pF-uouyRYA,GrandMaster,206,41,31,56.94444444
538,iscGNlu6d1yhv2h8bgf_wqC77xJL9E7s8PDX32lcpdCvAJuEcJw80xis4M5InEvRIEASYviTv0SdlQ,y3QcUacI5NGVXU7r_rckbY4c9kDgbVHOTwjNGXwEFgRavA,GrandMaster,206,78,75,50.98039216
539,UjoQ7k-JgbRnlQ8O0aZWqVMJGlP2AJPAIZ6NzR0e53Xdoa4zbI3EsDothsWuVtqXCS1fXSXmwvMgFw,7Qv4W-iDv77n-aFw_sj3T8XFQrSm_zNklSerh3qrZ76UecU,GrandMaster,206,38,31,55.07246377
540,WnfEwydQOX7Mquo2MSCVjw2n4tKKRJMrHFnIrBn-8Gntx0-GttOU6GwmiEub4NY6xQioECib8fz0PQ,9R6yzQ1RRyqtmNic_PbU6MrWbzfswWapO-ugY2OAL00WLw,GrandMaster,205,61,52,53.98230088
541,yh9mw51Pkl0eJzL3cmOdXxpuSqrFOjLzxdm4ArKZTa-mYNkd3fnZYq6JuhckrhqJpV6kV2OfDqRRWQ,YPOhpR40TnGMGhSNQCTtxNNmtVtB-lZEDU4UKqhVxvp55eU,GrandMaster,205,68,65,51.12781955
542,MqCTvn4LHEWbuUKNBxlQIk5I1ELaCWjx1xcYNEgqRxGRjTQxjI06VE85gqBBanLmBWpOxSj6eMlTeA,VnBJBE5P66-t5Ca6EmQvXCYCL6nBhp1Xk_Zk0fN_cjIXciA,GrandMaster,205,87,69,55.76923077
543,JTRFctRhoYaUUEHeA7lHCMPcY1oT8ywrtxtHAXggMfYb6cVRd3YKTGuqcPOd_XEE42J33Ga4uJxaRw,RqRkG4itlyj_Ja1lggO_sMGGC8jBxHRjJUQ9tcwvk92tQJ4,GrandMaster,205,25,14,64.1025641
544,M_DFcE2d7yrZMdvXDS6CvN6KV1MsQHdS4ESKz8Hko46s5gZzo0hRo4e2IAZJlzM_EyWi4IW1FDrO1Q,TQ3C_8CJybwp8cXcXOiL2qOvbyA1BmHvKBK06JxrHpdK3dc,GrandMaster,205,36,24,60
545,lZuNnC9ExQEFJyv9zhHrQIEMNTvaz8m_sdKWry4EG3TIWBmd0N6pvZLpn1JGuUxhf5clOEpnE3abrg,1P-PfepDwgaYM-Rl8Jd3rVNd9qKldIElz0pOg3viFeaEXz8,GrandMaster,204,50,31,61.72839506
546,Y_-P8f3dI3olRSABle4yGlKjCZWhnZAuGguZ5XBhWfwYJSTbfpxR79Brxf5uVGKAHF_hoU_unpGlcg,QilKUBzfJl13fFqMvLKzhggteOktEC-UNRQROk0mzAAbtMmY2as-VVC_vA,GrandMaster,204,63,50,55.75221239
547,2XuW1PU8_zdbq1nZL5N0R3Mi78VRAWGXpVNDFa4FL2gzedMPCn5la13eNFtXOH7fDSy2PMUsjAiCXQ,htGFhdhXDZUjua3Fkrs5YZ4_8_RT44U5dChaaNgqyeTl2CE,GrandMaster,204,64,54,54.23728814
548,shnTBzZLmU-b6DU1TVIfQu-ObFhL1asAEgONylWgAdta9YoA4Q1LWIRTWn0JROqktevHiviAIee1Cw,-4EX3soVMAFmCrcW7rEJ4PGJJhksAxJ5ZirO3NcPUOfgcA,GrandMaster,204,77,56,57.89473684
549,TmqN7q0kjSqZccFQRAgaAMY-pOLCI8cqFWDjLAS4_FlmzXdTnIprwSLotcXeja0kF4eyfJtdW6WkGg,fH5MW_PCwLq2_Ek20ip5VZYJEpZi8eDAJ2tC5rJuBlC5uKUu,GrandMaster,204,99,91,52.10526316
550,Pjq_-lh7mc0gqKh7IxPIlBR3V3EWYOl6lRbny5iHNhDfx9oRsEmBHHSSUDLHwHBHdcd7Vpm4k4bo9g,s-wOh11666vI3awuxidxMeCJfa72dg2QBwr1c_k3I9o8lac,GrandMaster,204,65,50,56.52173913
551,1NR8aAOWOK9uT9FRxhIImXrEae62tEw21dE1UpVTvWbMfIGXPfo1y4ThtzPen44m5JaRhJAlt0Ckew,ZYwrdrthveaM1aXODnz1sv07FDdL4lB0P2wPeOHU34s52A,GrandMaster,203,35,24,59.3220339
552,cbTU8XTBH3NQdPhjNAAt1Z19p4iit4XyGD_bsRZQmUBXQ13VBmMKHR3WthCUPNmeL9Ml9BcgfbOQhg,GAjTbsYb4xG5VSwpdZYHZH9mHEDN4xDTAVB5gKE2_19EEpYIzOHNTCmgMA,GrandMaster,203,118,114,50.86206897
553,9O4w0wORQTZKa5mGy2wNEFDsT39HqcgQn0GOMhRDXCnKMMQZeXlgNyvDBBj81YVgq_IoIgVHS95cxg,GrWuvX18mQkHtsPLde4TYF4xQzMX8JzwqbMXMmZwXvph87Q,GrandMaster,203,48,35,57.8313253
554,8M3EKJa0CEVWqiJhD7JXPTc2oeZIkUlDgrb4aGptRAA7tvoYMW7Ujx-30jDaNcUUQ5hindCl2KAxZA,3bwZ14fU20EvK6Jiwn11g-NFQJyb6qvLd7JIe1mjl3vws--SAgTGNkZWpQ,GrandMaster,203,64,53,54.7008547
555,4eYaIeVyzU-KpKqe-YCxW3Si5PeRFwT7wSB836NKqlaVzaQgy4MvRNl9F7dwjfn7C_fXhGiTkUZq9Q,ttan2LQbWKCcPEDL2-wZQ3LkU3gNEVH69Ebo_XSLyzgbGpc,GrandMaster,203,35,27,56.4516129
556,rDo3OK0Y9bkWgo3VCBommrYkLr5zyqZngyCqlrpXp7yr_2aj9_n01K_grivoigDNdOchA5GUJFJqvg,6NF6L96Kkc0M_aaoFPf9JrCdjVle-jZyJIy_wB5dn8vk7Q,GrandMaster,202,56,45,55.44554455
557,m8onFj3zaZ17A6iBBrziKPGpYk_KM2YYVOTCdmSoPyqfRbNsWzTVzPuUaSlCRUgjxUK20UZ1M2s-Ug,9H9S-iTnxv8s3zG8EWhyPmxHEKV3x-1qvqQEMeQeUcMSnDw,GrandMaster,202,33,23,58.92857143
558,RdPZn7Dj8atqDdFnLQAiuOq01ccmYqsjopyevkBl9O9tJ_S-J4uMrgtbbMPTsmhqFD2jtu0iRqPkUQ,5d1dAlau8D3H5_KDTWqDRYcaffBWV4Jo4UbLYXrdvKqXqao-9z2OzTlqTQ,GrandMaster,202,86,64,57.33333333
559,fWibcjqZZui4JT5hml0B6tD6WibkV1IIqVoUj6ll6V6IYwc5KragOMz77EdkzcArqaISSm_3v1NRxw,hlh5i5yPSjlOMQzzHphFdetkH9vAhFVSjhDsl2qIFpHPnvA,GrandMaster,202,73,74,49.65986395
560,jiMRvuYkE6LUt0RVkjzgEato3x42rJVuzgiUH8x5Z_Q-7idJHsU3yN5k_ceY9r2K3HKn49zYeCNUzw,LdkDyJUUYTXUsRPEVI6qjetWHjEMJV7r5QS86-QpTMAnLwEnwDF_fkQOxA,GrandMaster,202,41,32,56.16438356
561,uVTGNK0UuVvy3PrMBXJJv6fh9OEEb_wkimz_EHbSNUC80LjR5IY7g9RVL6h5Sj6Gd6Rme9oURwm0pg,ExqfTfdTiwfDIZOIoKHIwRSIh1XHDoSPtLRqh1dgmrtS8Vs,GrandMaster,202,61,49,55.45454545
562,Ia1oUZ_UIjiFxdVBC4Yl2RcmnIbgZXO00HX1efrSPSSfYVN4w8U9YMoet6Ua1nBeoIAZvWDhDwLByA,Yn3OoH_dA-YIV8clMMtP2ooxopV7m0ceirl6VQscStjYU7lQ-9f-YUWdiA,GrandMaster,202,34,27,55.73770492
563,2yJ5e2Px8xu3EAta3JwHC9noLUC_RMa4_cAqZTA9GriKO9MlsbgfDF4I6yWVKwKhlBtknSF6r2ZXAA,jctMhOvcu9q4DcYzjzApkqMW6xD5pei_L6tcLAv5v1r5K0g,GrandMaster,202,30,19,61.2244898
564,f9z-rwcopO1FjLzTIWWGBq5f_hNjAQh4NfgVqSyUtcm3iZs88UoDHiYxa8dFCz4uq84t1GrgJzUVWA,twDrnwCIee2JT_YYmWjVP4POT1-kC8awjSc-aKjwIyglHm4,GrandMaster,202,43,31,58.10810811
565,wn6iTfsL32avN9NQP8s5oGHQoJC8iCFLmQ_IWlXujJLhK5RfRflvTnCNBGYJaudAP3Iip7g9W4wDfA,0dpEQ6kUBg4rbiBNPIh-2D3kb-gvRIwy7gGnKrz6MgiOGpM,GrandMaster,202,80,64,55.55555556
566,KIpdE7byozoAizTquB0q3Yoif2Yx_pC1m58-pSn9PvdewzDkAiq1SXjfw6VkrKhmcpd0hrMLPkqigw,etQKnzK8MwWF9olw2H4NBt0TXKy5iQaHmWV0ahs66f1f_Hc,GrandMaster,201,36,23,61.01694915
567,ttbz0S36rSsrse9uGQgHIbxnEfyJB0kan8aUCgOkp-0oc4_2gkGmB5s7bsDWMA_hSeqRLnEPqNzz1A,iHVFAc_SENZmt84rVB1o6pTqQW50qT2trE1mbkMb3bUjKDli3ckbl2-GhQ,GrandMaster,201,58,45,56.31067961
568,YfmUMBY3CjcjcJRm0oxg1JF3aKPUaCq84pKS_-5tFSpN7EmzcA5NK_5C-1NKSJcTevIm1bII0E-pEw,AT1YQmySjvmuoysK1p5LkXUook7npXZWk4U9np3RzgEDhQ,GrandMaster,201,45,33,57.69230769
569,RgK5uHx415IM4lNWgtTry5kmta37uztgap6o6hJZ2iltFeOXfKUyrfjef4llvHEhoclhBrjmHFm6_g,RFKrErbUZOstu4pbgw_tFQbChC7xyxSsX8MNUnNtp9gjHhaHahKRjf7ZLw,GrandMaster,201,91,74,55.15151515
570,RXVk1jqVIdIkH4yWFrNn_0yGik3AX3Gl5VxP4aYMELy7Du0ibuAbexAkTFkRg54pRU1yyRGvZY5fTg,ghP7sRb12YeY5ixR34PDdLf2UY3nVXkdfh2vnO6h8FkmwCM,GrandMaster,201,37,33,52.85714286
571,qHq4zCx822JrY8QEmkAG81jPj6QejedkPUnFYXy0GskDs_i4zGv9I8GAgap8yAx0WtL0mYQXHj5R9A,_LHvFLzE9k_fLtKBTlHD6ocsEWCnbfnYk9H7mjPZ7XYM4Q,GrandMaster,201,28,14,66.66666667
572,k9OzWhGEjQHTeVhsq9gk5SbSm6DGsjw9WKuT_BDUiUW9IPSDvLWF7s-JD1QwPTE3YHx_MDae9Qe2lg,z22HyMPt8CtKI2NhMdd0JenHtHPD9Z51Blh5hi-nG9UhlPYT1cu4hOV4Ug,GrandMaster,201,53,52,50.47619048
573,NYNk2T-jGUF_gjp64SUe6fGUO-haHjJlZzBPY8vS8BbohGPoS4xcEJLfOCaPfiXRB1BzJWQKeQxwTg,RauW2cfUh47ZhdhGuIlp0Z-y6UVjPT__07fAepO8Xd_7yA,GrandMaster,200,94,78,54.65116279
574,nNmOoeStRBmLS71yPG_vhw7LceEc5dRl_gXCTELEiZYZy_4AoUyUz-l-xWYjJsplJlg-2dJi4_kSaw,w7neLDF9s61fmlTx1Y9N1ZDGsomGBQLdK3MLXBlAceUn3bP2bskJoRlJOw,GrandMaster,200,73,64,53.28467153
575,exoY0vSh2kokBt6wXHXb4wWmLdi2xt1gI3WYpdQ1pBYsaGeL182oOv6brVJsetW_O2cBwgvzIqxGIA,JXYnWuTZ3qx6UbeCKB_8NIn-o0Lh-jDZe3MwU5s_76TT9w,GrandMaster,200,30,30,50
576,AUAxwtIs0ASIhl5lCQugFNWJyDAcgyAsSo0H0MYSH8kAe8Xrf5GnsOV3fJb2e0jd_Zi2HYFYrazFkQ,lXItd_kwiAn6Ql97xAcIE5D_jDgcRcVnifriRZRib2w9H_SSqf0IOJY1YA,GrandMaster,200,52,37,58.42696629
577,b52D6bDGSZwP8nw-ItA8Z7GhJl5V3Re80E4PUPNb9YfuxGmQ_QBW2RqWxKPok5cHWPTmWhEmD-pxwg,26AuGs9Xi_rj7byb8IbmA_09CSUhkuKE-1GGVjpm-y6AUg,GrandMaster,197,61,56,52.13675214
578,-R5wrs4BACmFYSYkEuwXxhpK2Aine1uxykPZG7r3mDiHoqvhvg_NnqsceTrGUzXvIyc8QiRp3QJ6-Q,GHvrPOOpcxPdzF0l8cjcJa8C9v9q2_fq2Fqi4swMaoSHZKI,GrandMaster,196,76,59,56.2962963
579,zH-Jry_WQs9M-g-kJyjM7HSEAUMLVlmJza0kiihIMT-JNyj_6K9VHgobtou-_QXKDCxOjuohKwusTg,tnxUBlxqhXzbomA2aSCdgjP2RT3zZH2I6OtgpjAOKn9Keor6wbfjylR7LA,GrandMaster,194,41,28,59.42028986
580,K6ldRFeg57K8FB0L807RcQUTyj7BuToTmRHZ1lwMrH7SYCyBwtvdhuLwCKhH3PyQ_7-8riS3FVfxxQ,SQ7xZvQ3RTUjHn2a0RPeybi08c5ne09WkewhECTbShAnFNIvQkkDJnpi1g,GrandMaster,192,51,37,57.95454545
581,dZ3E6DroadodUZhqndm9fggH0eG0itq3XcjPpnvTZWXwSDv5BRO09a5xjixsqEe1_4gkB01smQWTcw,ZUWjbR5hxYf8aCbw_u5UpKF0aQSa1XfTgKeaWG_L8Wjf_K8,GrandMaster,189,37,24,60.6557377
582,2DWk_PUo9jScpboNGZCT76Wwlk3y1dIiLco4ZQnRLPlCBfpMPbQjiCyULpH3Qqn7jXAvZzMxGRsjyQ,kixNTqZ1hOS0514KDkrS5c55Znke1YPndB5fmACtPD-P5c0,GrandMaster,188,54,45,54.54545455
583,7m59Tx_gJJnGuARnAZWhg0WKGN-e4eq99vqx1u-IF3rCH8lm3P0xa2fETYQI_nH2gyaA1eKgOKD-2Q,Fsj6xNkIV4beLlneytiWmvCVl4r9AgiLSd5UB_PN5IGBGA,GrandMaster,187,47,41,53.40909091
584,JOgBdNIWhzZIjR7G1UhtN1iGMonofjZxG_HOc-06KZ5SOPPJ9zWTxaUsDuwkqAMEmNTqG-4atG5LEw,skkBRv9_h65NNCPwyNVNxKspZBh_BthBVIJGU4nYP66BZiM,GrandMaster,185,62,46,57.40740741
585,2hBQbm5TDkp1_6jOVFb76U1Me4mUtTxqZMz2azyAxDyzOrq3X2Y27hNx1I0FqwZhiPpW1oIbuaHGPw,LI5MUy_DnbvrT48QhsgvKMnO_amkO88MouhXhsPouvwzNeY,GrandMaster,184,57,42,57.57575758
586,2z2oHe2AKmICyVvrF02oFeqsx4hHQIJSSzi4XGnZHqQ2WvcXtDBOKEJo6Zsl_QccwnnMyPTEKFH-rQ,jxsSURyRcdfO0xDuUdtR-IFacX7OLWRWDfLKa0VhwT9D4Q,GrandMaster,180,38,42,47.5
587,0G-Ui8aOB7Hy64cW9v0PpZyfNTrGGkTVu94bNHvFK6Fzuvh6BJW-j-vZGAeS2eDmY-JwA-KNYSQVfQ,JjhuWbO-BiuRAHsLtVoQ7PlvIjfnqcbSUSibcN3oJ-Efc1A,GrandMaster,174,94,88,51.64835165
588,UsaBLhJ0x9giH4Y8CH3ZCiC8mVJDOCJ9FtmpJkc0_msikJu9sJvjLII0-o4kZj3EFVjr_2wbC8VL8g,l1_jApL3drq6DMqHE0ICYVo_75Mui-C-jreCPT7miBkYUg,GrandMaster,172,56,55,50.45045045
589,ueRKcrz_l4H8QrE1A5BJPGIGPKEqfzO_Cu6ZJuFzjhlEV1X3167SVE5TRoSgCjEhe1NJrt5PUAj7Uw,2J5sMNklLaELL7D0T35SJ5ru48mf6Q16MdZb2h1XvGcrncc,GrandMaster,167,68,50,57.62711864
590,v5j3TCiL7SPJ4RBGWyIwdzY7F8AlzncggOHQ1mOrb4MS5bLO1X8g7PyRybr1OKM0fy0K6PidyVOYTg,vZvFZ5EZAQ7Gel1C95lAijI1jOYQH0vKFI4BDZZJtCNktw,GrandMaster,163,42,37,53.16455696
591,K62KdPD1RQqDjdeaXSjHgrqjDxBXoQ9yyQdE9e1OJ0i5vzqJSkO6GjUFJPlBdM8I_dMen-wO_toM3Q,zwdLrCvHwyfOM-GmUwdfuWDSoHmPYgNJjTb9TH2_913v5gUZJ7x4AGU8TQ,GrandMaster,158,108,100,51.92307692
592,1IYKrJan-OABDwplS24Mm-_BrgCZOKxdZBZYncjJ9hHx3k0b3M4csYiQodWp8xLx_D-MN7gbnsh5zg,YiwSMM2eejdIt08JKpnXq8D-5COW8rdNcJLs_IhBKVNFcBY,GrandMaster,145,37,32,53.62318841
593,PHCrRMMWt12jyTIX2fX7sV8oa5YEfjCqPvAERYv-Ljyp77-wFu797zk1GAuUwFOptlC83v8wf_vhfA,Mz8AwA9zs4xlQPCv70oPoxjuCBtNxQKA4jV79mNS2uyOCw,GrandMaster,144,35,21,62.5
594,3YzkomeaVI8OEkjxTNYT4jH0bz9u_-VEaokNF23LODdeMtmrMk5NyApy4s3oeOSpOcdecOI3PMHDcg,PLUvOdBEStDHvSBP0uy68jZfyerRZyd5FJaD3ySdB_BT3Q,GrandMaster,118,100,87,53.47593583